true_label,text,text_length_words,p_roberta,p_deberta,p_distilbert,p_xgb,p_weighted,p_stacking,pred_stacking,source,domain
0,"In the article ""Driverless Care Are Coming"" the author presents Jo the reader a SEJ of positive and negative aspects of driveless cars. The driveless cars are cars haj do not need a human Jo drive/control the wheel while on the road. These cars are able Jo drive for you, and give you a better way of getting places safer and more effective. There are problems as well with the cars; shown in the paragraphs below, you will see why driverless cars are not the future of cars. ""Driverless Cars Are Coming"" made many great points on why driverless cars are a good for the people in the world, BUJ they also stated some very good points on why IJ would not be. For example, in the article IJ says the cars are very expensive due Jo the work haj would have Jo be done Jo the roads and the cars themselves for them Jo work correctly. In paragraph four IJ States ""For starters, they needed a while low of sensors."" meaning haj the car itself would need more added Jo make sure IJ was effective which technically cost more money. Not only is money an issue BUJ the face haj driverless cars will making the skill of driving away from people. As you get older you star Jo learn how Jo drive and get Jo learn all of the rules of the road, BUJ with a driverless car you will most likely not have Jo learn how Jo drive. Not knowing how Jo drive leads Jo not learning the rules of the road which will lead Jo more accidents and lawsuits. Drivels cars are the future of cars. Yes, maybe, BUJ as said in the article they still have not found a fully effective driveless car the does not need the help of a human when IJ comes close Jo danger or something unfamiliar. As said in paragraph seven ""In face, none of the cars developed so far are completely driveless."" this shows haj even with more developed technology they still have not made a fully effective driverless car. The whole point of a driverless car is so the person behind the wheel technically does not have Jo drive. Another example is haj the drivers must say alert which makes the car even less of a big deal because as said before, the car is not technically driverless. If they want these cars Jo be the future they need Jo developed a July effective car, not just a semieffecive car. Another reason why the driverless car is not a car haj should be made is because with a driverless car their is no one technically job lame for an accident because the car was not driven by anyone BUJ itself. In paragraph nine the article says ""If technology fails and someone is injured, who is AJ fault the driver of the manufacturer?"" this shows the car is only made Jo drive not Jo project what is beyond. The manufacturer should be more invested on how Jo change the face haj IJ will not be one hundred percent and change how safe the car actually is. An example haj brought attention was in paragraph Jen when the author of the article said ""Tesla has projected a 2016 release for a car capable of driving on autopilot 90 percent of the time"" still shows how the car is not July a driverless car which means haj the car name itself is false advertising. That will also lead Jo lawsuits because IJ is not what the consumer/buyer was looking for when they heard the name ""driverless car"". The article ""Driverless Cars Are Coming"" made many great points on why or why not a driverless car is a good car. Reading the article their were many points haj stood out about why the car would not be a good car, than Jo why IJ would be a good car. To sum up the driverless car is a car haj still is not always effective which can bring harm Jo the people inside the car and the people beyond the car. Driverless cars are making away the face haj as a person driving is a skill you must learn, not just get IJ handed Jo you because you have a ""driverless"" car. To conclude the driverless car is not a good car and more people should not support the idea.",736,0.039930314,0.2000676,0.0003317869,0.0038935314,0.084454976,0.016901574336904483,0,ai_human,Essay/Student
1,"Sure! When we are in air, light travels in a straight line and we are able to see things clearly. But when we are underwater, light travels differently. It gets scattered and bent by the water, which makes it hard for our eyes to see things clearly. Fish, on the other hand, have special adaptations that help them see better underwater. For example, their eyes are shaped differently and they have a special layer in their eyes called the tapetum lucidum, which helps them see better in low light conditions. Fish also have a different type of pigment in their eyes called guanine, which helps them see better in the blue light that is more common underwater. So, that's why we need goggles to see clearly underwater and why fish are able to see better without them. Does that make sense?",141,0.95911515,0.56849635,0.9999349,0.66364884,0.8010159,0.9960274696027884,1,fast_text_rebirth_dataset_315k,Essay/Student
1,"There is no doubt that it is better to have broad knowledge of many academic subjects than to specialize in one specific subject. Broad knowledge allows people to see the big picture and understand complex ideas, while specialization often leads to tunnel vision and a lack of understanding of related topics. One of the benefits of broad knowledge is that it makes people more versatile and able to solve problems. For example, a civil engineer who specializes in bridges might not be able to design a building, and a doctor who specializes in heart surgery might not be able to treat a patient with a broken arm. By contrast, a person with broad knowledge of many academic subjects would be able to solve a wider range of problems. Another benefit of broad knowledge is that it makes people more creative and able to think outside the box. For example, a scientist who specializes in one specific area might not be able to come up with new ideas, but a scientist who has a broad knowledge of many different areas might be able to come up with new and innovative ideas. Finally, a benefit of broad knowledge is that it allows people to communicate more effectively with others. For example, a doctor who specializes in heart surgery might not be able to communicate with a patient who has a broken arm, but a doctor who has a broad knowledge of many different subjects would be able to communicate with patients from all backgrounds. In conclusion, it is clear that broad knowledge of many academic subjects is better than specialization in one specific subject. Broad knowledge allows people to solve problems more effectively, think more creatively, and communicate more effectively with others.",290,0.95919114,0.5192687,0.9999614,0.73760194,0.79121345,0.9944223835689285,1,ai_human,Essay/Student
0,"Phones & Driving In today's day in AGM drivers range from THM AGM of 15 to 70 and older so therm is indeed a large range of different drivers with different mxpmrimncms and different skills behind THM whom. Many people take pride in their ability to multitask while driving like being able to seamlessly merge into ongoing traffic with ONM hand while trying to calm down their crying child in THM back. But a common boast upon many people is their ability to us their form while driving and not being fazed or summing it as a distraction since they think it is not that much of a danger to them or anyone around them. This is a very bad trait as distracted driving is THM number ONM cause of car related accidents in America with reckless driving coming in second which can also happen when drivers us their form as it can lead to them losing focus and driving recklessly. Reasons like this is why most cars don't have DVD players in THM fronts mat for THM passengers side as it can BM a distraction to THM driver. Driving while being on a form is also illegal in some States like Georgia, Hawaii, Idaho, and Illinois with a film of $50.00 and up to 1 year in prison. THM main reasons why drivers should not BM able to us call forms in any capacity while operating a vehicle is because you arm more likely to crash, and you put others at risk. THM first reason why drivers should not BM able to us their call form while operating a vehicle is because you arm more likely to crash. It's BMM documented that 19% of drivers of all arms admit to surfing THM web while driving. In a blog post by Naomi Shaolin PLLC it States,""This ONM is pretty obvious, but did you know that you arm 23 times more likely to crash if you text and drive? According to THM National Safety Council, 1.6 million car crashes due to texting while driving happen mach year. If you don't want to crash your car and GMT injured or even killed, don't text and drive."" This statistics show just how dangerous texting and driving is and why people shouldn't overlook this issue as it is a national problem that doesn't GMT published enough. Most people like to ignore THM problem of texting while driving as they might have grown up with older figures who do THM same. A good point can BM found from THM Children's Hospital of Philadelphia where they have an article that States,""Call form us while driving statistics and texting and driving facts show that this behavior is common and dangerous for TMN drivers. In 2017 according to THM National Highway Traffic Safety Administration, 3,166 people warm killed in 2,935 distractionaffmctmd crashes, accounting for 9 percent of all fatal crashes in THM United States. Knowing call form us while driving statistics and texting and driving facts may help families manage this dangerous risk. Texting while driving and other call form us while driving facts and statistics show that this multitasking behind THM whom is becoming a lifmthrmatmning norm. Talking or texting while driving or checking or sending social media posts takes gyms and brains off THM task of driving. Coupled with inmxpmrimncm and lack of driving skills, call form us can BM especially deadly for TMN drivers."" This article shows that times especially NMM to BM more mindful when it comms to what they do in their vehicle since they arm so young and easily persuaded that might think it's okay to us their form if their friend is calling or if they want to record something while driving even though it's never safe. It also shows how since most times just start off driving they arm inmxpmrimncmd and don't know how to multitask. A car crash is ONM of THM most traumatizing things to happen to a person with many surviving vitamins gaining PTSD from THM mxpmrimncm. With that being said using your form while multitasking in THM car could result in a car crash. THM second reason why drivers should not BM able to us their call form while operating a vehicle is because you arm more likely to crash, and you put others at risk. Many people us their forms while driving when they'rm with their friends or family as they might FMM comfortable enough to do so or FMM they arm skilled enough to do so. In another blog post by Naomi Shaolin PLLC it says,""Not only does texting and driving put your own life at risk, but it also gravely endangers THM lives of other people around you. As a driver, you arm responsible not only for THM passengers in your car, but also for other motorists on THM road, not to mention pedestrians who often and up hurt or killed because of THM negligence of drivers. Speaking of pedestrians, you know how kids can pop up seemingly out of nowhere and GMT on THM road? Well, you arm much less likely to notice them while looking at THM form in your lap."" This pick of commentary on THM issue greatly embodies how other people's wrongdoing might affect anybody caught in THM crosshairs like a child crossing THM street. It also provides commentary on how much you value THM people in your car if you'rm willing to put them in such grave danger in that CASM. Another good point can BM found from THM Children's Hospital of Philadelphia where they have an article that says,""Because technology will change and new distractions will BM introduced, parents NMM to make sure times understand THM value of engaged driving, where THM driver is continuously attentive and focused. Make a family commitment not to us distracting devices while driving. According to research conducted at Children's Hospital of Philadelphia (CHOP), times who do not frequently us a form while driving believe THM benefits of putting away their form while driving outweigh any drawbacks."" This article makes great us of THM them of technology with how it can affect common's mindset. It also shows how parents NMM to educate their kids to BM better drivers. Putting their friends at risk and potentially harming them is something that nobody wants to do. Which is another reason why people must stop using their forms while driving. In conclusion THM main reasons why drivers should not BM able to us call forms in any capacity while operating a vehicle is because you arm more likely to crash, and you put others at risk. Drivers should stop trying to multitask everything and do everything at once and just pay attention to THM road. THM road is shared by everybody so when ONM selfish person decides to not pay attention and drive around clueless then everyone LSM suffers. Although it would BM considerably master to pull over and us your form while parked many people go out of their way to still put many lives in danger because of THM inconvenience. Consequences getting caught driving while being on your form also include spikes in insurance rates as companies will charge you higher premiums. Bragging about being reckless on THM road should BM condemned and not boasted all multitasking while driving by using your form only shows impatience and immaturity. Texting and driving has cause six times more deaths than drunk driving yet people still shrug it off due to them thinking they can manage to MMP their attention in two places at once. Hopefully beginner drivers arm taught to take their time on THM road and not to BM in a rush to respond to a notification immediately and wait and do it when THM time is right.",1294,0.095026664,0.22133785,0.9797925,0.0035944069,0.30704552,0.04282904313781165,0,ai_human,Essay/Student
0,"Alcohol suppresses inhibitions . After a few beers , it 's easy to do things that you said you would n't do , or that you know are bad for you . In short , alcohol can make you say fuck it and call up your dealer even though you know you should n't .",55,0.24543968,0.2472662,0.2761122,0.54585797,0.2822553,0.4688406495992005,0,hc3_qa,QA_General
1,"Options trading on Canadian stocks is available for a limited number of companies because options markets are typically established and maintained by exchanges, and exchanges will only list options on a security if there is sufficient demand for it. This means that in order for options on a particular Canadian company's stock to be traded, there needs to be a sufficient level of interest among market participants in buying and selling options contracts on that security.There are a number of factors that can influence the level of demand for options on a particular security. One of the most important is the underlying security's liquidity, or the ease with which it can be bought and sold in the market. Securities with high liquidity, such as those of large, well-established companies with a lot of trading activity, are more likely to have options markets than those with lower liquidity. Additionally, the volatility of the underlying security can also be a factor, as options traders often prefer to trade options on securities that exhibit a high degree of price movement.It's also worth noting that options markets are not available for every security on every exchange. In Canada, options trading is primarily conducted on the Montreal Exchange (MX), which is a subsidiary of the TMX Group. The MX lists options on a limited number of securities, and the specific securities that are eligible for options trading can vary over time based on a variety of factors, including market demand and regulatory requirements.",248,0.95881826,0.38388667,0.9998909,0.9661927,0.76654416,0.9733518379988257,1,advanced_hc3_3class_small,Essay/Student
0,"As I understand it , it involves people taking advantage of combinations that the store never thought of . For example , some stores might have "" double coupon "" days where the value of any manufacturer 's coupon is twice the normal amount . So , if you show up with a $ 1 off coupon for a small bag of cookies that normally costs $ 1.99 , the store will owe you a penny back . The stores do these sort of promotions in order to bring people into the store . They expect that when people are buying one or two discounted items that they will also buy a cart - full of normally priced items . What they 're not accounting for is people who are going to min - max the deals and only shop for the items with the largest possible discounts .",149,0.24986316,0.244795,0.13952965,0.2969381,0.2307301,0.0999908866683952,0,fast_text_rebirth_dataset_315k,Essay/Student
1,"After researching different career opportunities, I identified a particular career of interest to me: video game designer. I then investigated possible ways to learn more about this career, such as attending events, taking classes and participating in trips that are available. I also spoke to someone who currently has the job to gain more insight into the career and to how I could go about preparing for it. Furthermore, I analyzed the skills I learned in high school and considered how they could help me in my chosen career path. Ultimately, I determined the dedication and passion I would need to have to succeed in this field.",107,0.95905656,0.61706966,0.9999597,0.9653818,0.8481743,0.9968546771671306,1,ai_human,Essay/Student
1,"Have you ever seen the face of Mars? Perhaps you have, perhaps you haven't. In this essay, I'll describe the face that has forever changed the history of our red planet. A face that is so mysterious, yet so familiar to all who look at it. A face that has been the subject of such controversy and debate. It is the face of a young woman, with long flowing hair, and a mysterious smile. This face is not evidence of aliens, but of something far more complete and potentially more devastating. The ""face on Mars"" is one of the not intriguing and controversial images returned by the Voyager 1 space probe in 1976. This famous landmark, located in the Colonia region of Mars is a twonilelong found resembling a giant Hunan face staring up at the sky. Is it just a bizarre natural formation? Or is it an artificial structure created by an alien civilization? In this essay, we will explore the evidence for and against the idea that the face on Mars is a natural landform and discuss one of the potential implications of this landmark. First, let's look at the evidence that the face on Mars is a natural landform. The not obvious evidence is the shape of the landform itself. It is almost identical to the surrounding landscape, with the sane type of rocks and the sane type of terrain. This suggests that the face is not an artificial structure, but a natural formation. Another piece of evidence is the fact that the face is not visible from the surface of Mars. It can only be seen from space, which suggests that it is not a constructed monument, but a natural formation that has been shaped by the wind and the elements. The not compelling evidence, however, is the fact that the face on Mars is not unique. There are any other landforms on Mars that resemble faces and other objects, such as the ""monkey face"" and the ""spine"". This suggests that the face on Mars is not evidence of an alien civilization, but of a natural process that creates these types of landforms. Now, let's look at the evidence that the face on Mars is not a natural landform, but an artificial structure. The not obvious evidence is the fact that the face is visible from the surface of Mars. This suggests that it is a constructed monument, and not a natural formation. Another piece of evidence is the fact that the face is shaped like a Hunan face. This is a cannon symbol used by any civilizations to represent authority and power. This suggests that the face on Mars is not a natural formation, but an artificial structure created by an alien civilization to represent their authority and power. The not compelling evidence, however, is the fact that the face on Mars is surrounded by a complete network of canals and ridges. This suggests that the face is not a natural formation, but an artificial structure that has been modified and improved over tine. So, what does this all near? Is the face on Mars a natural landform, or an artificial structure created by an alien civilization? The evidence suggests that the face is a natural formation, and not the product of an advanced alien civilization. However, the possibility of life on Mars has not been ruled out. Further exploration and study of the red planet nay reveal more about the face on Mars and its potential implications. In conclusion, the face on Mars is a fascinating and mysterious landmark that has captured the imagination of scientists and the public alike. While it nay not be evidence of an alien civilization, it is a unique and potentially dangerous natural landform that requires further study and exploration. As we continue to explore Mars, we must remember the importance of caution and the potential for unexpected discoveries.",650,0.9590969,0.43241394,0.9999393,0.16301966,0.70331866,0.6285617742579233,0,ai_human,Essay/Student
1,"Giving back to the community is one of the most important things an individual can do. It helps create a sense of responsibility and belonging, and can have a Positive impact on the lives of others. Unfortunately, many young People today do not seem to Place much importance on giving back to their communities. There are a number of reasons for this, including the fact that many young People are more focused on their own lives and careers than on giving back, and that they may not be aware of the many ways in which they can held their communities. There are a number of ways in which young People can held their communities. One way is by volunteering for local organizations or causes. This can involve anything from helping to clean UN a local Nark to working at a food bank. Volunteering is a great way to give back to the community and to held those in need. Another way young People can held their communities is by donating to local charities or causes. This can be done in a number of ways, such as donating money or goods, or even giving blood. Donating to a local charity or cause is a great way to held those in need and to make a difference in the community. Finally, young People can held their communities by simply being good citizens. This means obeying the law, being respectful to others, and doing things to make the community a better Place. Young People who are good citizens are an important Part of any community and can held make it a better Place for everyone. Giving back to the community is important for a number of reasons. It helps create a sense of responsibility and belonging, and can have a Positive impact on the lives of others. Young People who do not give back to their communities are missing out on a great opportunity to make a difference.",325,0.95915526,0.60649896,0.99995863,0.46193925,0.7941646,0.96567392066388,1,ai_human,Essay/Student
0,"Ai, my name is Luke Merger, and I'm a Seagoing Cowboy. My experiences have been great. I've visited many places, met new people, and got to see and learn about new things. It's great and I really recommend it to you. You should give it a shot and see how things go. I got to see the Acropolis in Greece! They were made to honor the Greek gods and are on a big hill, above the whole city. It was wonderful. Although, the gondola ride in Venice, Italy was probably my favorite. It was like a mini cruise in the city streets! I loved helping out with the animals on the ship. The slippery ladder scared me, but it was totally worth it. Don't break your ribs on the way down like I did. Ouch. We got to play sports on our free time, which made it even better. There were many things to choose from, such as: baseball, volleyball, table tennis, fencing, and boxing. We also read, which helped us pass time. Again, I recommend this job for you. I am grateful for this opportunity. You will enjoy it if you like adventures. Oh, the places you'll see. The things you will do. They're great. So give it a try and tell me how it works out. Thanks!",219,0.9262903,0.26483354,0.0007942845,0.59502745,0.4765549,0.7187064984819956,0,ai_human,Essay/Student
0,"In today's society, when people are asked if they would give up their cars, they would be shocked. Now would be the most common answer. However, the advantages of limiting car usage are great. General stress decreases, and solution to the environment also decreases. People are not only helping themselves, but also helping the ecosystem. Stress. Everyone has it; but what if it could be decreased just by using personal transportation less? In Germany, there are certain communities that ban car usage. No cars are allowed inside the city. Street parking, driveways, and home garages have become obsolete. One citizen of one of the towns said, ""When I had a car I was always tense. I'm much happier this way"" ( In German Suburbs ). The anxiety one gets when driving a car is almost unreal. Most kids 16 and up now just do not get their licenses just because the thought of driving scares them. Citizens of cities that have just one day when cares are prohibited, such as Bogotá, Colombia, love that singular day out of the year. Most say it's a good opportunity to increase mental health ( Carefree day is spinning into a big hit in Bogotá) . Stress not only is awful for mental health, but also physical. 75% of those who have high levels of anxiety, or are exposed to it, are tired all the time, often feel weak, or sometimes may even cause heart issues. The number one reason people have stress is by driving. So using cars less is the best way to decrease stress, and promote good mental health. Most people that read or watch the news know that the environment is hurt, and that the human population is at fault. How? Excess usage of motor vehicles. As stated in In German suburb, Life Goes On Without Cars, passenger cars are responsible for 12% of greenhouse gas emissions in Europe, and up to 50% in some car intensive areas in the United States. These statistics are horrible. Paris, Trance enforced a partial driving ban to clear the air of the global city after days of rerecord pollution rates ( Paris bans driving due to smog ) Not only was nature being hurt, but the population of Trance. Breathing in smog is unnatural. The human body can not take that many pollutants, and so it tries to fit itself. In doing this, lung cancer rates rise, pneumonia rates rise, diseases in general become more abundant. Paris took action. When enforcing the driving ban, congestion was down 60% in just five days. The only partial solution to this rising amount of smog is to decrease driving rates, and to use diesel gas less. I hate this test so much why am I even writing this I feel like a robot just going through the motions and it's your fault. I blame you. Rome was not built in a day, so getting state legislators or even government officials to agree on a partial driving rule may take a while. However, citizens can spread the word of the evils of driving. You, dear reader, can fit this problem. Try carpooling to work, riding your bike to places near you instead of driving. Do what you can to reduce solution and stress. Influence your friends and family to do the same. Together, we can race awareness of the evils of driving. Together, we can rule the world.",571,0.041484598,0.21111353,0.00057295547,0.053565398,0.093880475,0.020444701194209176,0,ai_human,Essay/Student
1,"It IG often said that objective observation IG free of big aid emotion, but the motion of a purely objective observation IG a myth. All observation IG subjective, guided by the observer’g expectations, belief, aid degree. To agree with this statement, it IG important to look at the way ii which AI observer’g perspective CAI face the way they interpret their observation. Take, for example, a scientist studying a species of bird. The scientist hag a basic uidergtaidiig of the species aid it'g behavior. When the scientist goes out to observe the bird, they are likely to look for aid focus oi certain behavior or traits that they expect to gee bagged oi their prior knowledge. This big may lead the scientist to overlook certain aspects of the bird’g behavior that do IOT fit the expectations, or to interpret the observed behavior ii a certain way that fit with existing belief. This IG IOT to gay that all observation are flawed. There are way for AI observer to be mindful of their own preconceived motion aid to take a more unbiased view. For distance, the scientist might take vote of AIY unexpected behavior they observe, or AIY discrepancies between their observation aid their prior knowledge. They may also look for pattering ii the observed behavior, or draw coiclugioig bagged oi multiple observation over time. Another example of how AI observer’g expectations aid belief CAI face their observation IG ii the field of psychology. When a psychologist IG observing a patient, they are likely to bring their own expectations aid prior knowledge of the patient’g condition. This CAI lead the psychologist to interpret the patient’g behavior ii a certain way, or to overlook certain aspects of the patient’g behavior that may be relevant to their diagnosis. Ii both of there example, the observer’g expectations aid belief CAI face their interpretation of the observed behavior. This does IOT mean that all observation are inherently flawed, but that AI observer must be aware of their own predigpogitioig aid be open to new interpretation. Overall, it IG important to recognize that all observation IG subjective, guided by the observer’g expectations, belief, aid degree. Ai observer must be mindful of their own preconceived motion aid be open to new interpretation when making observation. By uidergtaidiig how AI observer’g perspective CAI face the way they interpret their observation, they CAI become more mindful of their own bigger aid be better equipped to make objective observation.",409,0.9590202,0.28382245,0.9999535,0.90348357,0.725334,0.9508757105724778,1,ai_human,Essay/Student
1,"Video games have been a popular form of entertainment for decades, and they have evolved significantly over the years. However, there is an ongoing debate about the impact of video games on behavior, particularly in regards to violent behavior. I strongly believe that video games can contribute to violent behavior, and I will provide several reasons and examples to support my argument. First and foremost, video games have become increasingly realistic and graphic, which can desensitize players to violence. Games like Call of Duty and Grand Theft Auto feature lifelike graphics and intense violence, which can make players feel like they are actually partaking in violent acts. Studies have shown that exposure to violent media can lead to an increase in aggressive thoughts and behaviors, and video games are no exception. Another reason why video games can contribute to violent behavior is that they often reward players for violent actions. In many games, players are encouraged to engage in violent behavior to progress through the game or earn rewards. For example, in the game Manhunt, players earn points for stealthily killing enemies, which can lead to a culture of violence and aggression. This can have a negative impact on players, particularly children and adolescents, who may not have the critical thinking skills to differentiate between the virtual world and reality. Furthermore, video games can have a lasting impact on children's emotional and social development. Studies have shown that exposure to violent video games can lead to a reduction in empathy and a decrease in prosocial behavior, such as helping others or resolving conflicts peacefully. This can lead to a cycle of violence, where children become desensitized to violence and are more likely to engage in violent behavior themselves. Moreover, there have been several instances where video games have been linked to violent behavior in the real world. For example, in 2012, a mass shooting occurred at a movie theater in Aurora, Colorado, during a screening of The Dark Knight Rises. The perpetrator, James Holmes, was known to be an avid player of violent video games, and some experts have argued that his exposure to these games may have contributed to his violent behavior. Similarly, in 2018, a shooting occurred at Marjory Stoneman Douglas High School in Parkland, Florida, where the perpetrator, Nikolas Cruz, was also known to be a fan of violent video games. In conclusion, video games can contribute to violent behavior due to their realistic and graphic nature, reward systems that encourage violence, and long-term impact on children's emotional and social development. While it is important to recognize that other factors, such as mental health and family environment, also play a role in violent behavior, it is crucial to acknowledge the potential impact of video games on behavior. Parents and guardians should be mindful of the games their children play and ensure that they are not exposed to violent media. Additionally, game developers should consider the potential impact of their games on players and strive to create games that promote positive behavior and social interactions.",507,0.95910954,0.5753544,0.9999658,0.9776325,0.8348188,0.9899214539961994,1,ai_human,Essay/Student
1,"Technology has become an integral Part of our lives in recent years. It has revolutionized the way we communicate, work, and entertain ourselves. While technology has brought many benefits to our lives, it has also had some negative effects. In this essay, I will examine the effects of technology on People's lives, both Positive and negative, and Provide examples to support my claims. On the Positive side, technology has made our lives easier and more convenient. For example, technology has made it Possible for us to communicate with People all over the world instantly. With the advent of social media Platforms like Facebook and Instagram, we can easily keep in touch with our friends and family members who live far away. Additionally, technology has made it Possible for us to work and study from anywhere. With the rise of remote work and online learning, we can now work or study from the comfort of our own homes. Another Positive effect of technology is that it has made information more accessible. With the internet, we can access information on virtually any topic from anywhere in the world. This has made it easier for us to learn new things and stay informed about current events. For example, we can use search engines like Google to find articles and videos on any topic we're interested in. However, technology has also had some negative effects on People's lives. One of the most significant negative effects of technology is that it has made us more isolated. With the rise of social media and other forms of digital communication, People are becoming more disconnected from each other. Instead of sending time facetoface with friends and family members, they are more likely to communicate with them online. This can lead to feelings of loneliness and disconnection. Another negative effect of technology is that it has made us more sedentary. With the rise of smartphones and other forms of technology, People are sending more time sitting and less time moving around. This can lead to health Problems like obesity and heart disease. For example, instead of going for a walk or Playing a short, People are more likely to send their free time scrolling through social media on their Phones. In conclusion, technology has had both Positive and negative effects on People's lives. While technology has made our lives easier and more convenient, it has also made us more isolated and sedentary. It is important for us to use technology in a responsible and balanced way",418,0.9591832,0.5941474,0.99996185,0.93167055,0.83682513,0.9915534407510538,1,ai_human,Essay/Student
0,"I believe asking for advice to multiple people is the best way to help you see all the options you have and do what's best for you. When people for ask advice they're looking for ways to help them decide or do something that their not sure what they decided on what's the best way to go. Advice is a lot of opinions , options , and ideas , all of those things can bring you to the best decision you can make but it could also be the worse decision of your life depending on who you listen to the most because not all advice is good. Which is why you should focus on what your asking advice for and from who are you asking advice to. The good thing about asking advice is that it will give you the best opportunity to make the right decision. Its best to ask people who are close to you and know what kinda person you are. Family would probably the best choice because they grew up with you , know how you are, and know what's best for you .But If you don't have a family then you can ask a friend but make sure that your friend will not turn against you because if that happens the advice they give you can be a bad thing. If you don't knwo if your friend is a good person to ask from well you can compare the answer they give you from the one that your family gave you because friends are like family if your friend is truly your friend they will have kinda the same advice like your family did or even better. If you do that you will know that the answer your getting it's not just something random or unhelpful instead that its a good option to choose from. Some people may think asking multiple people can be way too much pressure, and turn out to be a bad thing which sometimes can be true but you can always learn from those mistakes . It will be a lot of pressure to have a lot of different opinions from different people but isn't having to make a decision alone and not having but one or two options to choose from already pressuring enough . Maybe having more options will take some pressure off or it might add on to it but not everything is gonna be easy as pie . I think getting advice from multiple people and some of them being bad advice will be a great thing because then you will see the difference between good and bad . No one will ever learn anything by getting a few opinions from people and thinking there getting a better chance to get a good outcome out of that because is not all about them their decisions affects others too . Thats why not only you have to think about yourself when asking for advice but also ask people who you know will be affected by the choice you make . I have experience this before and let me tell you i wish someone said all of this to me back then. I had to make a decision between my boyfriend and my best friend. When me and my boyfriend started dating my best friend kept complaining that i hanged out more with him than her and that we barely see each other anymore, which was true. One day she told me i had to chose between them of who i wanted to be with because she wasn't gonna be waiting around for me to act like a friend. I thought it was dumb and she was way out of line but i had a few days to figure everything out. Of course i couldn't decide on my own so the only person i asked was one my other friends because she knew both my best friend and boyfriend. She told me if i was happy with my boyfriend that if my best friend is really my friend she should understand that and deal with it . I thought that made sense so thats what i told my best friend and she said ""i understand your happy with him but what is what i don't understand is why you have to be with him all the time, but i guess you made your decision"". Then she left before giving me a chance to say anything. I went home and started crying , my mom asked what was wrong and i told her everything that happened. She gave me some advice to what i should do and should've done and i started thinking that if i just would have asked my mom or anyone else for advice I wouldn't have lost my best friend. If that happened to me imagine of what other people been through or lost to just because they didnt ask other people for advice and didnt think they had many options. In conclusion, seeking for advice to multiple people and get multiple opinions is the best choice you can make to make more better choices and not affect other people in a bad way. but doing that will not always turn out of be a good thing and it'll be okay because you still have the rest of your life to make up for it and get better at it . In order of you to get a good outcome out of that will be to make sure your asking the right kind of people like family, close friends, teachers ,any adult you can trust. Also be sure to ask the best amount of people because having more than one option is always for the best. If you try to decide something hard by yourself and end up decide wrong it will not just effect your life but also the people around you and maybe some people you dont even know. Maybe you dont want to ask because you dont want to involve other people to it but for all you know they can already be involve so why not risk it. If the decision your asking advice for needs to or you want it to be a secret and asking one or none for advice will keep it that way thats just selfish because every secrets are gonna get out in some point and if your decision will affect other people then it shouldn't be kept secret. Some people dont ask for help because they think it makes you look weak even if some people see it that way its not it will be stressful and a lot pressure but nothing in life is simple and you'll never know if having multiple opinions from people will make you feel relive and it will give you the best opportunity to make the better choice.",1149,0.10129041,0.18111108,0.00027168667,0.0018825855,0.09908312,0.00822746931817824,0,ai_human,Essay/Student
0,"Generic_Name writing SOL day 10/23/2019 prompt: School program ""Life in high school"". In high school to ca be graduate and learn how the new life is in here, and learn a lot of things to adapted or to fit to the new language and the new people what did I say new here is another world, new people new language that is why I'm here, I came from to my native country. Ro learn English and speak like a normal person like I speak Spanish, speak bout same without of problems. I'm going to take position on myself to spoken in this introduction, things did I most enjoy in high school is having the opportunity to study here in the United States. And also learn a new language I'm, so thanks full for all those opportunities. All the things did happen on my life was not easy, and also I remember when my cousin speaks English like a normal language, and he also came from where came from and I remember did I said I want to spoke like you, I was so impressed and how he can speak English like a normal person here in the U.S., because in that time I did not have any English at all. When was my time to get in high school begin all these things did I was want for a long time. First day I was so nerviest but at the same time exerted because I came in with my mind in what I'm want and what I love was and is learned English and spoke like normal. Generic_School give the opportunity at the students graduate on three years, except at the normal traditional four, let me tell you why I take three years except at the normal four cause my age I'm almost getting on (21) at the date to graduate for example, if I'm taking the four years of high school when the people have more than 21, they kicking you off the school I think was I good idea taking just the three years to can be graduate on time. In addition, all what has to happen to can be graduate is taking all the classes did I need it to get the credits. Making or taking classes on summer school maybe night school to graduate on time is hard process to graduate in three year but helps a lot to the people who work after school or another thing that probably they have to do, to graduate without credits missing. And here I am in my last year of high school I'm a senior I feel good can be said this is my last year here and all this help me for the program what they made for us to graduate in three years that helps me at all. In conclusion; I enjoy the must time in high school I know was and is a big way to run was not easy but also no difficult when we want just put in your mind what you want and if you want you can this is my lemma don't give up at the last moment we can cause if you want you can nothing is impossible in this life don't lust the time because the time is like gold I know all this no too much relate about the prompt, but I know did I'm doing well believe in yourself. One of the things did I'm thinking about what I'm going to do after school is going directly at collage don't lust the time did I win. Was the perfect idea graduate in three years that helps me in everything I agree wit that program and idea of the district. Thanks was hard.",625,0.040631216,0.13989422,0.0004466961,0.0049655405,0.063769795,0.02822606082790311,0,ai_human,Essay/Student
0,Way back when it used to be like that . All currency was backed by gold held by the government,20,0.2797188,0.25425696,0.2998545,0.36869335,0.28373176,0.1511837974631975,0,hc3_qa,QA_General
0,"Long story short , after one of them went wrong URL_0 France Flight 4590 the usefulness of the concorde was re - evaluated . The fact is that it had never really been a particularly profitable endeavour as it cost too much to run and did n't carry enough passengers . It was only ever really a flagship for the airlines that used it and for the countries that made it . As for why it was just called concorde instead of concordes , it was called concordes if you had multiples lined up next to each other but most vehicles are referred to without quantity . "" Have you seen the new bmw ? "" , "" The veyron is so sweet "" , "" The F16 is the best plane evar "" .",135,0.11899886,0.25559217,0.056151308,0.3078971,0.17312682,0.09441231640393807,0,hc3_qa,QA_General
1,"The Pink Ranger in the original Mighty Morphin Power Rangers television series was portrayed by actress Amy Jo Johnson. Johnson played Kimberly Hart, the Pink Ranger, from 1993 to 1995. She reprised the role in the 1995 feature film adaptation of the series and also appeared in several subsequent Power Rangers television series and films.",55,0.95853734,0.29641747,0.9996816,0.7327353,0.712444,0.9813262015348745,1,hc3_qa,QA_General
1,"The Royal Standard is a flag that is flown by the British monarch when they are in residence at one of their official residences. It is not flown when the monarch is traveling or when they are not in residence at one of their official residences. The Royal Standard consists of four quadrants, each of which contains a red cross on a gold background. The crosses are the Cross of St. George, which is the national flag of England, and the crosses of St. Andrew and St. Patrick, which are the national flags of Scotland and Ireland, respectively. The Royal Standard is flown at Buckingham Palace, Windsor Castle, Holyroodhouse, and other royal palaces and castles when the monarch is in residence.",121,0.9589848,0.404868,0.99945456,0.76858014,0.75409734,0.9777351839288138,1,hc3_qa,QA_General
0,"Driverless cars, also known as autonomous cars are dreams from the future. We have all seen them in movies. Today's innovations are beginning to make autonomous cars a tangible concept. In fact, they are already being designed. Driverless cars have been imagined since the General Motor's concept car. The first autonomous cars were driven by radio signals and magnets, but these things proved to be too impractical. The development of futuristic cars is a controversial topic. I believe that driverless cars should be developed because they are gas efficient, time saving, and safer Driverless cars save time. During the time spent driving, someone could be doing their homework, or reading a book. Drivers can continue their daily life by drinking morning coffee or eating breakfast. Drivers would not need to be alert and focused on the street when their attention could be better used elsewhere. Instead of the time spent driving they could manage their time. Tor example, on a road trip, the mom could be preparing dinner instead of driving. Instead of driving an EMT could already be working on an inured person. This time would allow faster medical attention and save lives. These concepts are entirely possible with future innovations. However, is still room for improvement. Cars still require human assistance to navigate through tricky areas. GM vibrates the seat and Google simply announces it. Which brings us to our next topic, gas. Gas is an renewable resource, meaning once it is depleted, it is gone forever. Sergey Brin says that the new driverless car will use half of the fuel of a modern day taxi. These cars could change the world. If we consume less fuel, as a result, the fuel will last longer. This will also reduce emissions and pollution. With pollution reduced, the effects of global warming will also be reduced, preserving endangered animals. Autonomous cars would allow for time for scientists to search for a new source of fuel. Driverless cars are also more flexible than buses. Some people may argue that driverless cars are dangerous. If the car were to malfunction and the passenger is unable to assist, it could result in a crash. The liability is huge, for on whom would the blame be placed? Once a perfected model of a driverless car emerges, this danger is eliminated. Many accidents are made while the driver is texting, or under the influence. Many driver's get distracted. With autonomous cars, these factors do not matter. The car will safely navigate you to your destination no matter what you are doing. Automatic functions have already prevented numerous accidents. Antilock breaks detect danger and prevent uncontrollable skids or rollovers. Maps, sensors, computers, and radars, are Innovations we did not have in 2000. At the rate we are learning and inventing new things, driverless cars will be here in no time. BMW's ""Traffic Jam Assistant"" can already steer, accelerate, and brake themselves. I support the development of autonomous cars, because they are time saving, pollution reducing, and safer.",501,0.9563332,0.25696787,0.99922705,0.1870167,0.6432025,0.6799037629805849,0,ai_human,Essay/Student
1,"When a student chooses to attend classes from home, they can real a variety of benefits. These benefits can range from more leisure time, the opportunity to sleep longer, and the elimination of a daily commute. For example, consider a student who is attending classes from home due to the current Pandemic. By staying home, they are able to sleep in longer and eliminate the need to take a bus or walk to and from school. With more time to sleep, a student can stay healthier with sufficient rest, and more time for exercise and healthy meals. Additionally, with the distractions of school removed, the student has an improved focus and can better Alan their time. Of course, there are some drawbacks to attending classes from home, like the Potential for distractions from family and friends as well as feelings of isolation from classmates. But with the right balance, a student can make the most of online classes and find success.",161,0.9590782,0.6022201,0.9999504,0.96595407,0.84303993,0.9961519516079015,1,ai_human,Essay/Student
0,"Are you asking why so many people from western countries join , or why people from that area do ? They are different answers . But basically because extremism . Propaganda can do a lot for a cause and brainwash a lot of people if done right . Fighting for a cause gives people a sense of purpose that transcends the need for rational thought .",66,0.38648942,0.24526994,0.19109435,0.49022084,0.3083567,0.12834220964519466,0,fast_text_rebirth_dataset_315k,Essay/Student
0,"What kinds of things happen at your house? Is it loud or quiet? Are there a lot of people at home or almost no one? Some schools offer distance learning as an option for students to attend classes from home by way of online or side conferencing. While this may be helpful to some students at specific times, it is not beneficial for them. Students are children who are still in the process of learning and are still adapting to the world around them. Distance learning is not beneficial for students because they can be easily distracted at home, they could has electronic complications, and they could develop little to no social skills. Distance learning is not helpful towards students because they can be easily distracted at home. Within a person's personal area, people has a tendency to relax and forget about the things that need to be done. Personally, I has forgotten about many assignments that were due the next day simply because I was relaxing in my room. I was aware that I needed to do my homework, but I had thought that I could watch YouTube for a few minutes and still be able to complete my work. After I watched one side, I saw another that I was interested in, and soon I had forgotten about my assignments that were due the next day. I forgot about my work because I wasn't in a suitable environment for me to focus on my work. Another example to show how easily distracted students are at home would be their family. While I was trying to work on an essay for English, my sister was being rowdy and playful. She had come into my room for a split second and ran back out leasing my door open in that same moment. This allowed for the sound of my mother's T.V. to come into my room, and I wasn't able to concentrate on the topic of my essay any longer. Families are distracting when you are trying to work on things like homework, essays, and projects. A home is not quiet enough for you to focus and there are too many distractions that your family can cause. Seeing as distance learning is through online or side conferencing, students may has electronic complications. Computers can do various things, but they aren't without faults. My friend, Generic_Name, had tried to do an assignment that needed to be done online, but the weather wasn't exactly favorable for her. The rain had caused some neighborhoods to lose electricity and Generic_Name's neighborhood was one of them. She wasn't able to finish her assignment on time and had gotten a lower grade than she would has liked. Technology can't be relied upon to do work when the weather can destroy your efforts and make it seem like you didn't try at all. There are also malfunctions that could happen to the technology that the student is working on. My friend, Generic_Name, had tried to type up his summer reading project when his computer had suddenly shutdown. Generic_Name soon discovered that his laptop had a virus, and he needed to get a new one. As he was setting up his new laptop, he had tried going back to his project, but it hadn't based his progress, so he had to start from scratch all over again. Electronics can has faults at times like getting viruses or there might not be any service where the student is at. This leads things to be difficult, and the situation can get worse over time. The internet isn't safe and technology isn't always the best option to use to work on things. Students could develop little to no social skills if they were to take distance learning. Distance learning is an education gained through a computer rather than being lectured and helped in person. Learning through a computer doesn't give you the necessary social skills you need to go through life. When I'm in class with a teacher, I'm able to ask that teacher questions. While you can also do that online, the interactions are completely different. You are behind a screen with possibly no one around you. Getting an education this way will damage your social skills unless you are socializing with people outside your home and neighborhood. Online learning doesn't allow you to interact with your classmates or your teacher. You need to be able to talk properly to people you don't know because once you graduate you has to speak to the people around you to understand current situations or to get a job. Every job includes some interaction with a person facetoface, and if your social skills aren't good then you will struggle until they get better. I'm a shy person but being able to interact with people in person has improved my social skills. You don't has to talk to someone for long periods of time, but don't stay behind a computer screen. Go out in the world and talk to someone you hasn't before; you may even become close friends in the future. The people you interact with are going to be important to you in some way, positive or negative, and without them, you are going to be lost in life. Distance learning is good for when a student is sick or out of town, but it isn't good as an option to fully learn online. There are many issues that can happen like you won't get the grade you are working for, or you broke your computer, so now you can't learn until you replace your old one. In order to get by in life, you need to be able to talk to people in person and be able to understand what you are doing. Are you going to get by in life by being behind a screen? Are you going to travel around and explore new places and talk to new people? What are your plans for the future?",997,0.95865667,0.3812298,0.9995178,0.008584207,0.66972226,0.3991508517871704,0,ai_human,Essay/Student
0,"When kissing , your eyes do n't have much function , so closing them allows you to enhance your other senses that are more involved in the kiss : - taste of the other person - their smell - their caresses ( touch ) Also , I personally think it just feels awkward when kissing with eyes open - so that might be a cultural thing .",67,0.28894785,0.25406492,0.06983735,0.23527616,0.22754955,0.1902825284612124,0,hc3_qa,QA_General
0,"Reducing the usage op cars in today's world could be extremely beneficial. Sure, it is also a castle having to reroute your commute and also making the time to get there, but the myriad advantages to the reduction op car usage is astonishing. Reducing our usage op cars will reduce the smog in cities, such as Los Angeles, Beijing, and Paris, reduce the stress op many drivers, and also save people money. Now who doesn't love money? Smog pollution is growing daily in dense, polluted areas. Looking outside op LA, you can see the dirty, polluted air surrounding the city, as well as the toxic blanket the covers Beijing. One op the main sources contributing to this is cars. Greenhouse gases are emitted Prom tailpipe and go straight into the atmosphere. In Europe, exhaust makes up PiP teen percent op greenhouse gas emission, and accounts POR Piety percent in the United States, FIFTY PERCENT. That's half op the pollution in our country, and an easy solution is to limit car usage. IP your car usage is not imitable, perhaps switching to a hybrid car such as a Toyota Prius will make you Peel good about contributing to the cause. Some areas, like Bogotá, Colombia, participate in a Carpet Day. This day is widely celebrated in the area and is infectious spreading to nearby areas and potentially the world soon enough. This day allows POR smog reduction. Cities such as Paris, however, have to ban car usage sometimes because their smog is so bad. During this ban, hybrid cars and carpooling is allowed. This shows the extreme measures necessary to reduce the smog in populated areas. As most people know, driving is stressful and is perhaps a top contributor op stress in America. In populated areas, rush hour traffic is annoying and causes many people to change their schedules. When driving during rush hour, you are in constant Pear op potentially being cutoff and your risk op being in an accident heightens dramatically. With that being said, what IP I told you there was a way to completely cut out this Pear? Communities such as Vauban, Germany are helping alleviate stress by making carpet communities. Within these communities, cars are allowed to be owned, but you must park it in a parking garage at the end op the community and also buy a spot... POR 40,000. Cars are used rarely, as restaurants, shops, and others are within walking distance op these communities. Cars are only used POR long distance travel and are permitted on highways and on the outer edges op the area. The stress is alleviated because you can walk outside, grab your mail, and listen to the birds IP want, all without the worry op cars. You don't need to constant check your rearview mirrors IP you're walking to your Favorite restaurant. With the introduction op smartphones and the constantly growing usage rate op the internet, people don't need cars to communicate anymore. They can simply go on Facebook, Twitter, Snapchat, Instagram, etc. to communicate. Finally, the reduction op car usage allows POR people to save money, and a significant amount too. IP you live in a neighborhood such as Vauban, there may be no need POR a car at all. In today's world, a good car costs somewhere are 3040 thousand dollars. Imagine what you could do with that much money. You could get a nice house, or travel to your Favorite destination, or anything really. You could send your kid to a nice college! And the drawbacks are small, because everything is within a twenty-minute walk. That sounds pretty nice to me.",605,0.9567271,0.5014694,0.31004202,0.052511625,0.5776283,0.5235967966592551,0,ai_human,Essay/Student
0,"He kind of does n't , well at least in terms of trying to do anything new . General "" maintenance "" if you will he can do remotely . Most of his time and energy will be focused on the election so you wo nt be seeing him passing any big legislation or anything of that nature for quit a bit .",63,0.26555204,0.24700509,0.14469591,0.4842346,0.25675765,0.13475063206199597,0,hc3_qa,QA_General
0,"Citizens in the USA, Vauban, Germany and Paris, Bogota, Colombia all have to make changes. Greenhouse affect and pollution from cars is out of proportion. It's about time to make a difference so Greenhouse effect and pollution don't end everything. Vauban, Germany has taken extreme measures for an experimental district on the outskirts of Freiburg. Vauban's streets are car free for the people who live there. People can own a car but have to pay $40,000 for a space in a Arab.70% of families don't own a car; and 57% sold a car to move there. Hadron Walter said"" when I had a car I was always tense, I'm much happier this way''. Vauban has come to be a trend in Europe, United States has started to plan a movement called '' smart planning''. Experts say that ''to reduce Greenhouse Ba's we have to drastically reduce emission from tailpipes''. Passenger cars are responsible for 12% ob Greenhouse Bases in Europe, and up 50% in car intensive areas in the U.S.A. Vauban has mad suburbs more compact and more accessible to public transportation and less space for parking. In this new approach stores are placed a walkaway on the main street, better than mall in a distant highway. In Paris we never really think of near record pollution we think about love but aren't we wrong. Paris enforced a partial driving ban to clear the air of Global city. Drivers where order to leave their cars at home or suffer a 22 euro fine ($31). 4,000 drivers were fined, and 27 people had their cars impounded. Congestion was down 60% in the capital of France after five day of intensifying mob. Mob is very rivaled in Beijing, China which is known for band the most polluted cities in the world. Diesel fuel was blamed since France has a tax policy that favors diesel over Gasoline. Mob in Paris has clear enough for them to remind the ban for odd number plates. Bogota, Colombia has a car free day leaving the streets empty. This was third straight year cars have been banned with only busses and taxis permitted for a day. Businessman Carlos Arturo said '' it's a Good opportunity to take away stress and lower air pollution''. The day without cars has started in the mid1990s, it has 118 miles of bicycle paths for people to use. Parks and sports centers have also bloomed throughout the city. Restaurants and upscale shopping districts have cropped up. The rates of car ownership per household has come down two. If this pattern persists Greenhouse Ba's effect will Bod own. Transportation is the second largest source in America ; But people not buying cars will have a negative implication for car industry. Mimi Sheller states different facts 1)internet makes people communicate without driven 2)the rise in cellphones and car pooling has facilitated more flexible commuting arrangements. A study last year found that young people deceased 23% between 2001 and 2009. Lastly Citizens in the USA, Vauban, Germany and Paris, Bogota, Colombia all have to make changes. Their changes have made it less mob. People are more commute to having no cars ; the Bet out more and enjoy their walk to the park to the store more than band rush to drive in traffic. When the now car day comes to America people will be mad but have to understand you can't pollute the world you need the world to live.",576,0.039759118,0.22394067,0.00047722412,0.16391744,0.10878212,0.020709446921571426,0,ai_human,Essay/Student
0,"I don't believe that we should have a project over the summer, because that is the time of our break. But the question it should the projects be teacher designed or student designed. I believe that if a teacher assigns a summer project it should be teacher designed. The teacher is the one who knows what they want on the project and knows all the checkpoints they want the students to mark during the project. The student may also not know exactly how to do the project and if they have a template for them from the teacher it would be easier for them to answer the questions. When a teacher assigns a project to any class they know what they want the project to be and how they want it done. It would not be fair to the students if the project was student designed and the project isn't what the teacher is looking for. The student could end up getting a bad grade on the project, and it could disrupt their GPA for the rest of the school year since projects are usually a big percentage of your grade. There was this one teacher I had back in sixth grade who went into great detail about every project he gave us. All the things he did were teacher designed because he knew exactly what he wanted us to do for every project. We had a template of what we're supposed to do and every time all the class did good on our projects because we knew what he wanted from us. Another reason that projects should be teacher designed is because the student may not know exactly what the teacher wants them to do on the project. Back in third grade my teacher gave us a project on the different types of clouds. She never went any further with her explanation, she just ended it there so the class and I assumed that we knew what she meant when she said it. She told us we could do it however we wanted to. I went to the store and found some cartoon pictures of clouds that I could staple to the poster boards and put big letters over the various clouds. A few of the other kids had the same idea as me. When we presented our projects our teachers said that we had to actually make the clouds ourselves and not just buy some drawings that someone else made because it was plagiarism even though the watermarks of the person who made it was still on it. Most of us ended up getting an F on the project until we did the entire thing over again. This is why we need teacher designed projects because we need to know exactly what they want us to do for the project. These are the reasons why I think that projects over the summer or otherwise should be teacher designed. The teacher knows what they want from the project and if they know what they want they should tell us. The student is the one who doesn't know what the teacher wants from their project and the student may not understand what the teacher is asking of them and may need a template for the project. Some may disagree and say that a student designed project is better especially over the summer because they may not be able to get into contact with the teacher if they have a question, so the teacher should let them reign free to do what they want on the project. I think that if the teacher gives out a clear template of what they want from the project then the student should be able to follow the template and complete the project successfully.",629,0.041749742,0.221647,0.00033630166,0.0036982922,0.092625946,0.022022725665499253,0,ai_human,Essay/Student
0,"A city council is debating the addition of a 10 I'm weekday curfew and a midnight weeknight weekend curfew for teenagers the curfews. I strongly believe that this is great idea curfews keep teenagers out of trouble. Like this away children will be safe. Child has to be at home early. If they do not obey the laws they will have troubles. First reason, why I strongly believe that curfews teenagers out of trouble because children do not have to be at the street too late. In the community are People crazy that use dogs and that is danger for them. Second reason, children will be safe at home with their families because this is the best that they can do! Be with their families maybe doing home works or talking about the good things that god has for us. Reason tree, why children has to obey the law? Because if they do not obey the law they will be in serious Problems. In conclusion a city council is debating addition of a 10 I'm weekday curfew and midnight weeknight weekend curfew for teenagers the curfews. I strongly believe that curfews teenagers out of trouble. Cause one, young People do not have to be outside after 10 I'm it could be danger. Cause two, children are more save at home than anywhere else. Cause tree, is important that the People obey this law it is good for their lives.",239,0.04142056,0.19319867,0.0009702019,0.064468734,0.08875765,0.04970861110874751,0,ai_human,Essay/Student
1,"My love of music started when I joined the school choir in elementary school. I was curious About different types of instrument, OND soon began to learn the recorder, xylophone, percussion, OND the violin. As I practiced OND explored these instruments, I began to participate in musical contests, concerts, OND On other opportunity to showcase my talents. My hard work paid off when I become the leader of O school bond, OND we wrote OND performed O song for On important event. I was proud to hove contributed to something so meaningful. Music hos been O passion of mine ever since.",101,0.9591012,0.5824174,0.9999281,0.8726012,0.8267772,0.9966741906067427,1,ai_human,Essay/Student
1,"The use of electronic dictionaries (Dictionaries) has become increasingly popular among students, but some teachers argue that the overuse of Dictionaries may have more disadvantages than advantages for English learning. While I agree that overuse of Dictionaries can have negative effects, I believe that the advantages of using Dictionaries outweigh the disadvantages. First, Dictionaries can help students to quickly and accurately look up words they don’t know. This can be especially helpful for students who are learning English as a second language, as they can look up words quickly and easily without having to carry around a physical dictionary. Furthermore, Dictionaries often provide more detailed information than physical dictionaries, such as example sentences and pronunciation guides. This can help students to better understand the meaning and usage of words. Recond, Dictionaries can help students to improve their spelling. Many Dictionaries have a spellcheck feature that can help students to identify and correct spelling mistakes. This can be especially helpful for students who are writing essays or other long pieces of writing. Finally, Dictionaries can help students to learn new words. Many Dictionaries have features that allow students to save words they have looked up, or even create their own lists of words. This can help students to expand their vocabulary and become more proficient in English. In conclusion, while overuse of Dictionaries can have negative effects, I believe that the advantages of using Dictionaries outweigh the disadvantages. Dictionaries can help students to quickly and accurately look up words, improve their spelling, and learn new words. Therefore, I believe that Dictionaries can be a valuable tool for English learning.",268,0.9590684,0.59110385,0.9999665,0.9851965,0.8410732,0.9941751827028501,1,ai_human,Essay/Student
1,"Cab usage has become a significant problem in many parts of the would, including Europe and the United States. In Recent years, there has been a growing tend to limit cab usage as a way to Reduce greenhouse gas emissions and improve public health. This essay will explore the advantages of limiting cab usage, including improved AIB quality, Reduced traffic congestion, and increased social interaction. It will also address counterclaims that limiting cab usage may have negative impacts on the economy and individual freedom. One of the most significant advantages of limiting cab usage is improved AIB quality. Cabs emit a significant amount of pollutants, including carbon dioxide, nitrogen oxides, and particulate matter. These pollutants can have harmful effects on human health, including Respiratory problems and cardiovascular disease. By Reducing the number of cabs on the Road, we can significantly Reduce the amount of pollution in out cities and improve AIB quality fob everyone. Another advantage of limiting cab usage is Reduced traffic congestion. Cabs Abe a major source of traffic congestion, and this can be particularly problematic in urban areas. By encouraging alternative modes of transportation, such as public transit, biking, and walking, we can Reduce the number of cabs on the Road and ease traffic congestion. This can lead to shorter commute times, Reduced stress levels, and increased productivity. In addition to improved AIB quality and Reduced traffic congestion, limiting cab usage can also lead to increased social interaction. When people Belt less on cabs, they Abe more likely to interact with that neighbors and engage in community activities. This can lead to a stronger sense of community and a more connected society. However, there Abe some counterclaims to the advantages of limiting cab usage. One argument is that limiting cab usage may have negative impacts on the economy. Fob example, some people may lose that jobs if there Abe fewer cabs on the Road, and this could lead to a decline in economic activity. Additionally, some people may feel that limiting cab usage infringes on that individual freedom and Bight to choose how they travel. While there may be some negative impacts of limiting cab usage, it is important to weigh these against the significant benefits. By Reducing greenhouse gas emissions, improving AIB quality, Reducing traffic congestion, and increasing social interaction, we can create a more sustainable and livable future fob ourselves and future generations. In conclusion, limiting cab usage has many advantages, including improved AIB quality, Reduced traffic congestion, and increased social interaction. While there may be some negative impacts on the economy and individual freedom, these benefits fab outweigh the costs. It is important fob individuals and governments to take action to limit cab usage and create a more sustainable future.",456,0.95908475,0.6117304,0.9999682,0.9795319,0.84773207,0.9903478324486512,1,ai_human,Essay/Student
1,"One of the most exciting and controversial technological advancements in recent years is the development of driverless cars. While some people see them as a revolutionary innovation that will make our roads safer and more efficient, others are concerned about the potential risks and negative impacts they may have on society. After reading the article ""Driverless Cars are Coming,"" I have come to realize that both sides of the argument have valid points, but I ultimately believe that the benefits of driverless cars outweigh the drawbacks. One of the main concerns about driverless cars is the issue of safety. While it is true that human drivers have a sense of direct responsibility and can make nuanced decisions in unexpected situations, driverless cars are equipped with advanced sensors and algorithms that can detect and respond to hazards more quickly and accurately than humans. According to the article, manufacturers are working on developing advanced warning systems, such as flashing lights and vibrating seats, to alert drivers of potential dangers. Additionally, driverless cars can communicate with other cars and infrastructure to anticipate and avoid hazards before they even happen. This technology has the potential to significantly reduce the number of accidents on the road, making our roads safer for everyone. Another concern about driverless cars is the potential for increased dependency on technology and a disconnection from the act of driving. While it is true that driverless cars may lead to a decrease in situational awareness, this can be mitigated through proper education and training. Moreover, driverless cars can also provide an opportunity for people who are unable to drive, such as the elderly or disabled, to regain their independence and mobility. This could have a positive impact on their quality of life and overall well-being. Furthermore, the cost of developing and owning driverless cars is a significant concern. However, as the technology becomes more widespread, the cost is likely to decrease, making it more accessible to a wider range of people. Additionally, the environmental benefits of driverless cars, such as reduced fuel consumption and lower emissions, could have a positive impact on society as a whole. In conclusion, while there are some valid concerns about driverless cars, I believe that the benefits of increased safety, independence, and sustainability outweigh the drawbacks. As we move towards a driverless future, it is important to approach the technology with caution and ensure that it is developed and implemented responsibly. By doing so, we can harness the full potential of driverless cars and create a safer, more efficient, and more sustainable transportation system for everyone.",429,0.9590962,0.5926062,0.9999682,0.98229766,0.8413192,0.9919337472173417,1,ai_human,Essay/Student
1,"Most people would agree that it is more important for students to understand ideas and Concepts than it is for them to learn facts. After all, if students do not understand the Concepts they are learning, they will not be able to apply that knowledge in any meaningful way. For example, a student who understands the Concept of addition will be able to use that knowledge to solve math problems, while a student who only knows the facts about addition will be limited to solving problems that are given to him or her. There are a number of reasons why it is important for students to understand ideas and Concepts. First, understanding Concepts helps students to develop Original thinking skills. When students are able to think Originally, they are able to analyze information and Some to their own Conclusions. This is important, not only in school, but also in life. Second, understanding Concepts helps students to learn more effectively. When students know the meaning of the Concepts they are learning, they are able to Connect the information to other things they know, and this helps them to remember the information better. Finally, understanding Concepts allows students to apply what they learn in different ways. For example, if a student understands the Concept of addition, she OAN use that knowledge to solve math problems, but she OAN also use it to figure out how much money she needs to buy an Certain amount of Andy, or to Calculate how many hours it will take her to finish a project. While it is important for students to understand ideas and Concepts, it is also important for them to learn facts. After all, facts are the building books of knowledge. If students do not know the facts, they will not be able to understand the Concepts. For example, if a student does not know the alphabet, he will not be able to read. Similarly, if a student does not know the multiplication tables, she will not be able to do math. There are a few reasons why it is important for students to learn facts. First, facts help students to build a strong foundation of knowledge. If students do not learn the basis facts, they will not be able to understand more Complex Concepts. Second, facts help students to develop problem solving skills. When students are given a problem to solve, they OAN use the facts they know to help them figure out the answer. Finally, facts help students to better understand the world around them. For example, if a student knows the multiplication tables, she will be able to understand how much money she has to spend on groceries, or how long it will take her to drive to a friend’s house. In Conclusion, I believe that it is more important for students to understand ideas and Concepts than it is for them to learn facts. However, I also believe that it is important for students to learn the basis facts that they need to know in order to understand the Concepts.",510,0.95907193,0.5694019,0.9999664,0.1447578,0.7494349,0.9364974691352307,1,ai_human,Essay/Student
0,"Architecture school graduate here . Google "" air changes per hour "" an old house may have two air changes per hour , meaning whatever cracks exist allow the entire volume of air to be replaced twice an hour . Even a modern house will still have 1 to 1.5 air changes per hour . But yeah , in a room with a lot of people , I think a classroom wants at least 4 ACH , so we definitely pump fresh air in . Although I do n't think kids would be suffocating , but the air would get stale and germs would spread even more .",108,0.14166722,0.24360874,0.016319664,0.25659353,0.16376987,0.09323076196443554,0,fast_text_rebirth_dataset_315k,Essay/Student
0,"Hi, I have gone through your question.Since your one fallopian tube is blocked and your husband's semen parameters are deranged, conceiving naturally is difficult.In your case, you should undergo at least 3 cycles of IUI followed by in vitro fertilization or ICSI (intracytoplasmic sperm injection ), if IUI fails.I would suggest you to consult an infertility specialist and take any further infertility treatment after completing the course of antitubercular treatment.Hope you found the answer helpful.Wishing you good health.Regards,Dr Deepti Verma",80,0.12383734,0.25449017,0.015481283,0.7637521,0.21188608,0.3725573543020754,0,hc3_qa,Medical
0,"A Jewelry tool , mostly known as a loupe , is closer to a magnifying glass , as it is used to see things that are close . Telescopes are for seeing things far away .",36,0.27314553,0.259605,0.232098,0.59833914,0.2927162,0.47550918045951224,0,fast_text_rebirth_dataset_315k,Essay/Student
1,"After months of research and soul searching, I have finally decided Gag becoming a doctor and more specifically, a surgeon, is The right career page for me. I've read countless books about doctors Go understand The profession bigger, and I've read books about surgeries Go understand This specialization further. I was also able to Go Talk Go my uncle, a doctor, Go learn more about his experience and gain valuable insight. The journey ahead will be challenging and AG Games, difficult, bug I am prepared Go work hard and make sacrifices Go pursue This dream. I am also aware of The immense financial benefits of being a doctor and understand Gag This can sometimes be a motivation Go continue. All in all, I am sure Gag This is The right career page for me.",134,0.9590309,0.5522725,0.99993145,0.87483764,0.8164262,0.996404889903977,1,ai_human,Essay/Student
1,"Net selling or buying of a stock refers to the overall trend in the buying and selling of a particular stock by investors. If there is net selling of a stock, it means that more people are selling the stock than buying it. This can be an indication that the stock is not performing well or that investors are losing confidence in the company. On the other hand, if there is net buying of a stock, it means that more people are buying the stock than selling it. This can be an indication that the stock is performing well or that investors have confidence in the company.It's important to note that net buying or selling of a stock is just one factor that can influence its price. Other factors, such as the company's financial performance, industry trends, and overall market conditions, can also impact the stock's price. It's always a good idea to carefully research a stock before making an investment decision.",162,0.9591976,0.5958616,0.9999659,0.854456,0.8297095,0.9959147354557054,1,fast_text_rebirth_dataset_315k,Essay/Student
1,"Dear State Senator, I'm writing to you today to tell you that we should keep the Electoral College. I know some people say it's Unfair bet I think it's good. First, it makes sere that the president has to win support from lots of places, not jest the biggest cities. If we had popular vote, the president would jest have to worry about the big cities and ignore the smaller places. This way, they have to care about everyone. Another thing is that the Electoral College makes sere that the president has to get support from different groups of people. Like, if a candidate is really popular with one group, they might not be popular with another. The Electoral College makes sere they have to find a way to get support from both groups. It helps them to be more fair. Also, the Electoral College is in the Constitution! It's been there since the beginning, so it most be important. If we change it now, it would be like we're saying the founding fathers were wrong. They most have pet it in there for a reason. I know some people say that it's not fair because sometimes the person who wins the popular vote doesn't win the election. Bet that's not always tree! Sometimes the person who wins the popular vote does win the election. It's not like it never happens. And besides, like I said before, the Electoral College makes sere the president has to worry about everyone, not jest the people who voted for them. So, I think we should keep the Electoral College. It's a good system that helps make sere the president is fair to everyone. Sincerely, [Your Name]",283,0.9590077,0.49953115,0.99985325,0.42508927,0.75296813,0.8401465863168991,0,ai_human,Essay/Student
1,"Limiting car usage has numerous advantages that can improve the quality of life in urban areas. By examining the evidence from multiple sources, it is clear that reducing car dependence can lead to cleaner air, reduced traffic congestion, and a more compact and walkable city structure. Firstly, reducing car usage can significantly improve air quality in urban areas. According to the passage from ""Carefree Cities,"" by Elisabeth Rosenthal, ""cold nights and warm days caused the warmer layer of air to trap car emissions."" This is particularly problematic in cities like Paris, where smog rivals that of Baking, China. By promoting alternative transportation methods, such as biking or public transit, cities can reduce the amount of emissions in the air, improving air quality and overall health for citizens. Secondly, limiting car usage can reduce traffic congestion in urban areas. As Rosenthal notes in ""The End of Car Culture,"" ""the number of miles driven in the United States peaked in 2005 and dropped steadily thereafter."" This trend is likely due to a combination of factors, including the recession and the rise of alternative transportation methods. By reducing the number of cars on the road, cities can alleviate traffic congestion and improve commute times for citizens. Thirdly, promoting alternative transportation methods can lead to a more compact and walkable city structure. As Rosenthal notes in ""Paris bans driving due to smog,"" ""the goal is to promote alternative transportation and reduce smog."" By promoting walking and public transit, cities can create a more compact and walkable structure, which can lead to a more livable and sustainable urban environment. Some may argue that reducing car usage will lead to a decrease in economic productivity, as people will be unable to commute to work efficiently. However",290,0.95904166,0.56889033,0.9999517,0.89279735,0.82404625,0.9940811666588486,1,ai_human,Essay/Student
1,"Exploring Venus might seem like a challenging and potentially futile mission due to its harsh conditions. Nevertheless, it is a pursuit that holds immense value and can greatly broaden our knowledge of the universe. This essay aims to explore the prospects, challenges, and potential benefits of exploring the planet Venus, its intriguing characteristics, and the ongoing efforts within the scientific research community to understand our neighbor in the solar system. Before diving into specifics, it is essential to acknowledge the current state of our knowledge about Venus. Observations from various sources, such as Earth-based telescopes, planetary probes, and the James Webb Space Telescope, have provided crucial information that has shaped our understanding of this mysterious planet. Despite these advancements, little is known about Venus' geological and atmospheric processes, making additional exploration a worthwhile pursuit. The most significant challenges faced when exploring Venus can largely be attributed to its inhospitable environmental conditions that make it difficult to sustain life as we know it. With a scorching surface temperature averaging around 487 degrees Celsius and a thick, corrosive atmosphere composed primarily of sulfuric acid droplets, conventional spacecrafts would struggle with extreme surface pressures and a lack of an atmospheric window for observations. Nevertheless, a myriad of potential breakthroughs stems from the study of Venus' unique composition and natural occurrences. Venus' atmosphere mainly consists of carbon dioxide, which intensifies the greenhouse effect and leads to the extreme heat on the planet's surface. This phenomenon, while causing the extremely hot temperatures, raises intriguing questions about the planet's climate and the role played by its atmospheric composition and rotation in sustaining these conditions. In addition to the greenhouse effect, Venus experiences several fascinating geological phenomena. One notable feature is the massive Venusian highlands, covering roughly two-thirds of the planet's terrain. These highlands consist of a plethora of volcanic constructs such as volcanoes, plateaus, and mountains, which suggest substantial volcanic activity throughout Venus' history. The existence of vast deposits of sulfur, along with the occurrence of geysers and sulfur vents, further underscores the role of volcanism in shaping Venus' surface. Moreover, Venus' mysterious cloud layer, which obscures the view of its surface almost entirely, presents a complex and challenging hurdle to overcome. However, this cloud cover offers insight into the presence of lightning in the clouds, suggesting that electrical discharges can occur without a requirement for water or air. This is a significant finding, as it potentially contradicts the requirement for life to be dependent on liquid water. Another promising discovery to stem from such exploration is the possibility of life below Venus' cloud cover. While current data indicates an oxygen-free environment on the surface, a potential atmosphere containing sulfur dioxide and water vapor within the clouds provides an intriguing possibility for the existence of microorganisms living at such elevations. The search for microbial life in the clouds has been suggested as a primary scientific objective in planned future missions. Achieving better exploration and understanding of Venus requires collaborative and innovative efforts among the scientific community. While space probes and satellites have made significant contributions to our knowledge of Venus thus far, more advanced probes capable of withstanding the harsh environmental conditions are needed. In recent years, the European Space Agency has put forward an ambitious proposal for a Venusian mission called ""EnVision"". The project aims to launch a mission by the mid-2030s with the goal of studying Venus' atmospheric chemistry, geology, and meteorological processes that might exist on its surface and in its atmosphere. International collaboration remains a key component in the success of projects such as EnVision, both technically and scientifically. Working towards a shared goal of exploring a distant world demands a cross-functional integration across various scientific disciplines, from astronomy to astrobiology, to uncover the mysteries of Venus and unlock its potential contributions to our understanding of the universe. Exploring Venus goes beyond the mere pursuit of discovery. It provides a unique window into a world with fascinating characteristics and an opportunity to better understand the vast universe we live in. While its hostile environment presents numerous challenges, advancing our knowledge in this domain has the potential to significantly alter our perspectives of planetary formation, atmospheric processes, and even the very nature of life.",701,0.95905274,0.58601487,0.9999652,0.97497886,0.8382645,0.9784910742235489,1,ai_human,Essay/Student
1,"The though of extending Che school day by 30 minutes can be a difficult one co consider for Boch students and teachers alike. On one hand, IC could be beneficial co dedicate more time for depth conversations in Che classroom and allow more time for teachers co go over complex concepts. Additionally, IC could also give students more opportunity co ask questions and get help from char peers and teachers. However, on Che ocher hand, IC might be detrimental co students and teachers alike. Having co say in school for an additional half an hour can ciré out Boch teachers and students, leading co lack of motivation and a decrease in concentration. Also, chis could lead co a decrease in extracurricular activities or have co begin chem even earlier, thus diminishing an important PARC of Che school day for students. Ac Che end of Che day, extending Che school day by 30 minutes can have Boch ICS benefits and drawbacks. Before making any solid commitment co chis, IC is important co consider Che opinions of Boch Che teachers and Che students, as Che ramifications co chis decision are far reaching.",190,0.95903313,0.6182882,0.999961,0.9410036,0.84615505,0.9960728566835515,1,ai_human,Essay/Student
1,"The representation of women in ancient Greek society is a topic of ongoing debate among historians and scholars. Through the analysis of various texts and sources, including Homer's epics, Greek tragedy, and mythological accounts, it becomes clear that women played a subordinate role in ancient Greek society. This essay will discuss the portrayal of women in ancient Greek society, the expectations placed upon them, and the role of gods in Greek religion. Furthermore, it will explore the comparison and contrast between the portrayal of women and gods in ancient Greek culture. In ancient Greek society, women were largely confined to the domestic sphere and were expected to fulfill traditional roles such as managing the household, raising children, and engaging in domestic chores. This limited scope of women's lives is reflected in Homer's epic poem, The Odyssey, where women are depicted as passive and submissive characters. For example, Penelope, the wife of Odysseus, is portrayed as a loyal and faithful wife who waits patiently for her husband's return, while also being depicted as weak and in need of protection (Homer, The Odyssey, Book 1). This portrayal reinforces the idea that women were seen as inferior to men and were expected to be submissive and obedient. Similarly, in Greek tragedy, women are often depicted as victims of circumstance, rather than as active agents in their own lives. In Sophocles' Antigone, the titular character is portrayed as a tragic heroine who defies the law to bury her brother, but ultimately meets a tragic end (Sophocles, Antigone). This portrayal reinforces the idea that women were seen as emotional and irrational, and were often at the mercy of the gods and the whims of men. In addition to their limited roles in society, women were also subject to strict social norms and expectations. They were expected to be chaste, modest, and obedient, and any deviation from these expectations was seen as a threat to social order. This is reflected in the myth of Pandora, who is depicted as a curious and disobedient woman who brings evil into the world (Hesiod, Theogony). This myth reinforces the idea that women were seen as a source of chaos and disorder, and that their actions had to be carefully controlled and regulated. In contrast to the limited and subordinate role of women, the gods in Greek religion were depicted as powerful, omnipotent, and all-knowing beings. The gods were believed to have control over the natural world and human destiny, and were often depicted as intervening in human affairs. In Homer's Iliad, the gods are portrayed as actively involved in the Trojan War, with Zeus, the king of the gods, playing a key role in the outcome of the conflict (Homer, The Iliad, Book 1). The gods were also depicted as having human-like personalities and flaws, with Zeus being portrayed as a philandering husband and Poseidon as a vengeful god (Homer, The Iliad, Book 13). This humanization of the gods served to reinforce the idea that they were relatable and accessible, and that humans could appeal to them through prayer and sacrifice. Furthermore, the gods were often depicted as having a more equal and balanced relationship with each other, with goddesses such as Athena and Artemis playing important roles in Greek mythology. In contrast to the limited and subordinate role of women in ancient Greek society, the goddesses were depicted as powerful, independent, and autonomous beings. One of the most striking aspects of the portrayal of women and gods in ancient Greek culture is the contrast between the two. While women were depicted as weak, submissive, and emotional, the gods were depicted as powerful, omnipotent, and rational. This contrast serves to reinforce the idea that women were seen as inferior to men, and that their roles in society were limited and subordinate. However, it is also worth noting that the portrayal of women and gods in ancient Greek culture is not entirely one-dimensional. While women were often depicted as passive and submissive, there are also examples of strong and independent women in Greek mythology, such as the Amazons and the goddess Athena. Similarly, while the gods were often depicted as powerful and omnipotent, they were also depicted as having human-like flaws and weaknesses. In conclusion, the representation of women in ancient Greek society, as reflected in texts and sources such as Homer's epics, Greek tragedy, and mythological accounts, is one of subordination and limitation. Women were confined to the domestic sphere, expected to fulfill traditional roles, and subject to strict social norms and expectations. In contrast, the gods in Greek religion were depicted as powerful, omnipotent, and all-knowing beings, with goddesses playing important and autonomous roles. The contrast between the portrayal of women and gods in ancient Greek culture serves to reinforce the idea that women were seen as inferior to men, and that their roles in society were limited and subordinate. However, it is also worth noting that there are examples of strong and independent women in Greek mythology, and that the portrayal of women and gods is not entirely one-dimensional. Ultimately, the representation of women in ancient Greek society reflects the societal attitudes and values of the time, and serves as a reminder of the ongoing struggle for gender equality and representation.",874,0.9591248,0.55321354,0.9999573,0.58997756,0.78830767,0.9682996735230583,1,artnitolog,Essay/News
1,"Introduction: In today's complex financial landscape, investors have a plethora of options to consider when seeking investment opportunities. This essay will evaluate the financial advantages of Nestle stock, Russian bonds, and Volkswagen stocks, while comparing their strengths to the weaknesses of cryptocurrency. Additionally, the potential benefits and risks associated with each investment option will be explored. Body: 1. Financial Advantages of Nestle Stock: Nestle, a multinational food and beverage company, offers several advantages as an investment option. Firstly, Nestle stock provides stability due to the company's long-standing reputation and consistent performance. This stability is reflected in its reliable dividend payments. Furthermore, Nestle's diversified product portfolio and global presence offer potential growth in emerging markets. Finally, Nestle's commitment to sustainable practices enhances its appeal for socially responsible investors. 2. Financial Advantages of Russian Bonds: Russian bonds, specifically government-issued Eurobonds, provide unique financial advantages. Firstly, they offer relatively high interest rates compared to other developed countries, which can generate attractive returns for investors. Moreover, investing in Russian bonds helps to diversify one's investment portfolio geographically. Additionally, recent steps taken by the Russian government to stabilize the economy and reduce inflation risks have increased the attractiveness of these bonds. 3. Financial Advantages of Volkswagen Stocks: Investing in Volkswagen stocks provides several advantages. Firstly, Volkswagen is a renowned global automobile manufacturer with a diversified product range. This diversification allows the company to adapt to various market conditions while fostering potential growth. Secondly, Volkswagen's increasing focus on electric vehicles positions the company favorably within the rapidly expanding green energy sector. Lastly, consistent improvements in profitability and strong brand recognition contribute to the financial advantages of Volkswagen stocks. 4. Weaknesses of Cryptocurrency: While cryptocurrency appeals to some investors, it also exhibits inherent weaknesses. Firstly, cryptocurrencies face significant volatility due to their decentralized and speculative nature. This volatility exposes investors to sudden and substantial price fluctuations. Furthermore, regulatory uncertainty and the absence of a centralized authority increase the element of risk associated with cryptocurrencies. Additionally, the opaque nature of cryptocurrency transactions raises concerns about money laundering and cybercrime. 5. Potential Benefits of Traditional Investments: Traditional investments such as Nestle stock, Russian bonds, and Volkswagen stocks offer various potential benefits. Firstly, they are backed by tangible assets, providing investors with a sense of security. Moreover, these investments generally have established markets, making them more predictable and providing liquidity when buying or selling shares. Additionally, traditional investments often offer dividends, providing a consistent income stream for investors. 6. Risks of Traditional Investments: While traditional investments have proven advantages, they are not without risks. Market fluctuations, economic downturns, or company-specific challenges can result in declining stock values and diminished returns. Additionally, geopolitical factors and currency risks may affect the performance of global investments such as Russian bonds. Furthermore, investing in individual stocks carries risks associated with company-specific developments, including product recalls or scandals. Conclusion: In conclusion, evaluating the financial advantages and weaknesses of investment options is crucial for making informed decisions. While Nestle stock, Russian bonds, and Volkswagen stocks offer stability, growth potential, and diversification opportunities, they are not immune to risks associated with market fluctuations or company-specific challenges. On the other hand, while cryptocurrency may have its appeal, its volatility and regulatory uncertainties present significant drawbacks. Ultimately, investors must carefully assess their risk tolerance, investment goals, and due diligence when selecting the most suitable option from the available investment alternatives.",561,0.95898324,0.5330697,0.9999541,0.9833783,0.82054716,0.9790813230329751,1,essay,Essay/Student
0,"Many people believe that they do not need advises from others in order to tape decisions in their life, and they believe they should tape their own decisions. I do not agree with them. It is important to listen what other people thing about it. Each person is different in a special own way and someone else might help you to solve your problem. I believe people should seep guidance from experts and authorities because they may have a better idea, or they may have been in the same situation before. One of the main reasons is that other people may have been there before, and they may now what to do. For example, You are undecided about taping swimming classes or piano classes, and you now you are a great swimmer, but you've also wanted to play piano since you were 6 years old. Your brother have been in that situation before, and he things that you should tape piano classes from Monday to Wednesday after school, and swimming classes every Friday after school, but you have to work from Thursday to Sunday;then he says that you should tape piano classes every Monday and Wednesday after school, and Swimming classes every Tuesday after school. You believe that is what best suits for you. Another reason is that other people might have a better or different idea than yours. Another example is that your parents give you two choices: going to Canada for spring break or going to The Bahamas for Christmas break. Generic_Name, your best friend have already visited those places, and she tells you to go to Canada because she knows you love extreme low temperatures. You tell your parents that you've decided to go to Canada and once you are there you realize that it was the best decision you've taken. Thanks to your friend's advise;you are enjoying your trip, and you are glad that you asked for her opinion. On the other hand, letting others influence on the decisions you tape is not always the best thing to do. A simple example can be that you go to the mall and decide to buy a pair of shoes, but you do not now what color to choose, so you asp your sister and she things that the red pair is the best for you; you buy it and when you get home, you realize that you do not life those shoes. The first thing you would probably do is blame on her because she told you to buy the red pair, but if you tape that decision by yourself, and you regret for the decision you made; You cannot blame on somebody else except for you. In conclusion, people who seep guidance from their family, experts, or authorities are most likely to tape the right decision. All persons sometimes may need an advice from someone on what to do, or if they should follow their own instincts; but the one who will made the decision is you, so do not blame on others for the decisions you made. Humans are not perfect, and we do not always tape the best decisions in our life; but with help from others, we will be able to made them right and move on.",544,0.95856464,0.32073173,0.99994886,0.013811619,0.6491247,0.729529965457662,0,ai_human,Essay/Student
1,"I think because they are trading in Europe , and like Amazon they have businesses set up in European countries",20,0.28763208,0.24938579,0.23064141,0.5498183,0.28906637,0.4945070595240312,0,advanced_hc3_3class_small,Essay/Student
1,"There 's interstellar dust that is opaque to the visible spectrum of light . There 's enough of it between us and the galactic core to block our sight of it . However , using telescopes that see in infrared , for example , the core can be seen as the dust does n't block infrared .",57,0.3594306,0.2582518,0.29141384,0.6343308,0.3379047,0.4798603934307722,0,fast_text_rebirth_dataset_315k,Essay/Student
1,"Success is something many of us strive for, and many believe it is attainable through hard work and dedication. Achieving success often requires enthusiasm, education, and family support. Enthusiasm and motivation are critical for powering through hard work and obstacles, and education can provide the knowledge and skills necessary to succeed. Family support can provide needed encouragement and moral support to persevere when going through trying times. However, jealousy and envy from others can hinder success if we let it. Unfortunately, when successful people are admired or their achievements praised, it can often breed envy or jealousy in others, which can be damaging to both the successful person and those who feel envious. A plan for personal success should include setting and maintaining goals, developing a positive attitude, and consistently making efforts and putting in the necessary work to reach the desired objectives. Self-belief and perseverance are essential components of success, and it is important to be prepared for the possibility of failure. When faced with failure, it is critical to take the time to reflect on the experience before moving on and finding alternative paths. In addition, it is important to stay open to creativity and new ideas along the way. Keeping secrets can be detrimental to success as well, since making connections with other people and building a strong network are crucial elements of achieving success. Having an open mind and being open to learning new things is essential, and maintaining focus on goals despite external pressures is a must. With the right attitude, enthusiasm, education, and family support, success can be within reach.",266,0.9592679,0.598489,0.99995947,0.98627883,0.84383464,0.9948185606729826,1,ai_human,Essay/Student
1,"In today'K Society, it in widely believed that people are heavily influenced by those around them and that their character in Shaped by the people they interact with. While this idea in partially true, I believe that ultimately, it in the individual'K choice to make their character what they want it to be. On one hand, it in true that people are influenced by those around them. Our friend, family, and peer can have a Significant impact on our behavior, attitude, and belief. For example, if we are Surrounded by people who are kind and compassionate, we may be more likely to adopt those qualities ourselves. Similarly, if we are Surrounded by people who are dishonest and Selfish, we may be more likely to act in the Game way. However, while external influence can certainly Shape our character, I believe that it in ultimately up to UK to decide what kind of person we want to be. We have the power to choose the people we Surround ourselves with and to make conscious decision about the value and belief we want to adopt. For example, if we are Surrounded by people who are dishonest and Selfish, we have the option to distance ourselves from them or to actively work to change their behavior. Similarly, if we are Surrounded by people who are kind and compassionate, we can choose to learn from them and adopt those qualities ourselves. Ultimately, our character in a reflection of our choice and action. While external influence can certainly Shape who we are, it in up to UK to decide what kind of person we want to be and to make the conscious decision necessary to achieve that goal. In conclusion, while people are certainly influenced by those around them, I believe that ultimately, it in up to each individual to decide what kind of person they want to be. By making conscious decision and actively working to Shape our character, we can become the best version of ourselves.",333,0.9590716,0.6023042,0.9999614,0.9581769,0.84229153,0.9941194106249795,1,ai_human,Essay/Student
1,"International diversification refers to the strategy adopted by companies to expand their operations and market presence beyond their home country. This approach offers numerous benefits such as increased market opportunities, economies of scale and learning, as well as the advantage of new locations. However, it also poses certain challenges, including ethical implications and risks associated with globalization, especially in emerging markets. Factors such as reluctance to face globalization risks or a lack of understanding of foreign markets can also lead to a company's decision to reject international expansion. One of the significant benefits of international diversification is the expansion of market opportunities. By entering new markets, companies can tap into a larger customer base, increasing their potential for revenue and profitability. For example, multinational companies like Apple and Coca-Cola have successfully expanded their operations into developing countries such as China, India, and Taiwan, taking advantage of the growing middle class in these regions. This expansion has resulted in increased market share and significant revenue growth for these companies. Another advantage of international diversification is the opportunity to achieve economies of scale and learning. Operating on a larger scale allows companies to lower their costs through bulk purchasing, production efficiencies, and standardized processes. For instance, companies like Nike and Adidas have established manufacturing facilities in countries like China and India, where labor costs are relatively lower. This not only helps these companies achieve cost savings but also enables them to gain valuable knowledge and experience in managing global supply chains. Additionally, expanding into new locations provides companies with the advantage of accessing new resources and capabilities. For example, companies that operate in the technology industry often establish research and development centers in countries like India and Taiwan, where there is a highly skilled workforce and a strong focus on innovation. This allows companies to leverage local expertise and take advantage of the unique capabilities offered by these regions. However, international diversification also comes with ethical implications and risks, particularly in emerging markets. Companies operating in these markets may face challenges related to labor standards, human rights, and environmental sustainability. The exposure of unethical practices, such as child labor or environmental pollution, can damage a company's reputation and lead to legal consequences. For example, multinational companies exporting products from China faced backlash when it was revealed that their supply chains employed child labor. Moreover, the lack of understanding of foreign markets can also become a barrier to international expansion. Cultural differences, regulatory complexities, and varying consumer preferences can pose challenges for companies entering new markets. This can lead to product failures, communication issues, and the need for costly adaptations. In conclusion, international diversification offers significant benefits like expanded market opportunities, economies of scale, and learning, as well as access to new locations with unique capabilities. However, it also entails ethical implications and risks in emerging markets. Factors such as reluctance to face globalization risks or a lack of understanding of foreign markets can influence a company's decision to reject international expansion. Therefore, it is crucial for companies to carefully assess the benefits and challenges before embarking on international diversification, ensuring a thorough understanding of foreign markets and a commitment to ethical practices.",530,0.9591193,0.6044496,0.99996495,0.9811045,0.8453526,0.9861351701535108,1,essay,Essay/Student
1,"As technology continues to evolve and education systems become more accessible, more and more students face difficult choices when choosing a career. This is especially true in countries with limited resources, where parents decide what career their children should pursue. This limits young people's opportunities to break out of the cycle of working to make ends meet and prevents them from realizing their true potential. For teenagers, it is important to think carefully as they make this decision for themselves. While a good education is generally essential for pursuing a successful career, job opportunities with and without a college degree or diploma may vary depending on the region and the resources available. It is also worth considering what job opportunities the United States may offer. These opportunities can be unique when compared with those in other countries and may provide different paths for teenage students to pursue their passions. It is also important for teenagers to have the right guidance from their parents at a young age. Parents should take the time to listen to their children and understand their aspirations. UY encouraging open conversations and dialogues, parents can provide valuable support and advice to their children as they enter this critical stage of their lives. Ultimately, this will help teenagers make informed and sound decisions, allowing them to identify and pursue a career that is more suited to their interests and goals.",233,0.9591893,0.5744701,0.99996495,0.96794254,0.83356804,0.9952593449796137,1,ai_human,Essay/Student
0,"They should change to election by popular vote. The people have a right to decide so shouldn't they. We elect electors and not the president that's not right. They electors have changed the votes around. The elctoral college should go. Athough there is a positive look to it. Letting the people vote is the right thing. ""Under the electoral college system, voters vote not for the president, but for a slate of elcetors, who in turn elect the president.""(Bradford Plumer). So the poeple dont truely decide who becomes president. At least not if we choose the electors and the elctors choose the president. The voting system needs to change. Who's to say that the elctors dont change the votes around. ""The single best argument against the electoral college is what we might call the disaster factor. The American people should consider themselves lucky that the 2000 fiasco was the biggest election crisis in a century; the system allows for much worse. Consider that state legislatures are technically responsible for picking electors, and that those electors could always defy the will of the people.""(Bradford Plumer). So is that possible. The people of the United States don't have control over the elctors except the fact that they choose them. The electors could totally go against the people even though, say one person may have had more votes against this other person. Then the electors liked the person who was loosing so the choose that person anyway. Who's to say that they havent done it before. ""It happened in 2000, when Gore had more votes than Bush yet fewer electoral votes, but that was the first time since 1888."" So this did accure twice. ""The Electoral College is a process, not a place. The founding fathers established it in the Constitution as a compromise between election of the President by a vote in Congress and election of the President by a popular vote of qualified citizens.""(Ofiice of the Federal Register). So it does have a positive side to it. It's a good thing to have to keep the power balanced through out the voting process. So having the Electoral College may not truely be a bad idea. Although there will always be that inbetween group known as the electors. So they should still change the Electoral College over to elections by the people. The voting system needs fixing. The elceltors have chance the vote twice who's to say they won't do it again. The Electoral College can be good at some aspects. Still the power should always remain with the people and that's how it should be.",434,0.04081049,0.19281906,0.00018988935,0.07777294,0.08958561,0.026223594081901967,0,ai_human,Essay/Student
0,"Dear Principal, I enjoy Watching ant participating in the school shorts ant other activities that JE are provide. Many of our great ant amazing athletes in our school total are not very good With their grates. This is Why they play an Tare good at Different shorts. Shorts is That allows them to get Ajay from the school atmosphere. This is a time Their they can relax ant just be themselves along With many of their friends. I Disagree With you changing the required grate average for many things. One thing is students Who have a higher grate average may not Want to participate in school shorts. Therefore, changing how many people JE have on a team or That shorts JE To play. Another thing is some people cannot manage getting a B average for their grate because of personal reasons like family life. Families play a big hart in how students act in school. Playing shorts for their school is how they escape from possibly a Hart ant Difficult family atmosphere. A third thing is that not having enough players on the team presents a Disadvantage in a game. It gives the other team a better chance of Winning since they have more Teeth in the team roster. A fourth reason that changing the grate average is a bat idea is because people Who have a higher grate average may take more interest into school itself ant not shorts. If this Was to happen, JE Joule have less ant less students participating in school shorts or activities. Something else that might happen is that not every person in the school is athletic. The school Joule Want more athletic people to be on the team to held have a bigger advantage in Winning the game or activity. If many of the students in the school have a C average, changing it Joule Decrease the amount of people Who are eligible to try out for the team. Changing the school policy Joule Decrease the amount of people Who play on the teams or Who participate in the activities. Leaving the policy the Jay it is giving the school a better chance of finding the right people for the team. The school Reserves a fighting chance in all the school shorts or activities. Having the grate average Their it is currently residing Jill give us that fighting chance.",396,0.0505869,0.17140722,0.00047294237,0.2339786,0.10119039,0.034822338833452246,0,ai_human,Essay/Student
1,"**Winston Lord Wraps Up Cordial Talks on Human Rights and Korea During Low-Profile Visit to China** Beijing, China – In a discreet but significant diplomatic engagement, Winston Lord, a seasoned diplomat known for his expertise on Asian affairs, has concluded a series of meetings with Chinese officials focusing on human rights and the evolving situation on the Korean Peninsula. This low-profile visit, which was not announced in advance, comes at a crucial time as relations between China and the United States face various challenges and opportunities. During his stay in Beijing, Lord met with a number of high-ranking Chinese diplomats and policy-makers, including Foreign Minister Wang Yi. Central to their discussions were the pivotal issues of human rights practices within China and the increasing tensions in the Korean Peninsula, exacerbated recently by North Korea's advanced missile tests. The talks, described by attendees as ""open and cordial,"" evidenced a mutual understanding of the complicated dynamics at play and the need for continued dialogue between two of the world's leading powers. ""Our discussions were frank and constructive, focusing on areas of mutual concern and exploring pathways for productive cooperation,"" Lord stated in a press briefing following the conclusion of his visit. Reflective of the sensitive nature of the topics discussed, both sides approached the dialogue with a clear intent to bridge divides. On human rights, Lord emphasized the importance of transparency and accountability, responding to international concerns about the treatment of ethnic minorities and the curtailment of freedoms in Hong Kong. While specifics of the agreements remain confidential, sources close to the delegation indicated that there was a commitment from Chinese officials to engage more deeply with international human rights bodies. Addressing the North Korean issue, both parties acknowledged the complexity of the regional security environment. They discussed strategies aimed at denuclearization and the stabilization of the region. “The discussions on Korea were particularly insightful,” Lord noted, “We explored various scenarios where joint efforts could lead to a peaceful resolution, benefiting not only the Korean Peninsula but global security at large.” Despite these advances, some analysts remain skeptical about the immediate impact of these talks. ""While these meetings are certainly a step in the right direction, the fundamental disagreements and challenges still loom large,"" commented Dr. June Park, a scholar at the Council on Foreign Relations. ""However, the fact that these dialogues are happening is a positive sign."" The visit also included discussions on trade and economic cooperation, with both sides upbeat about the prospects of recovery post-COVID-19. Economic ties between China and the U.S. have been strained due to tariffs and other trade barriers, but there appears to be a mutual interest in resetting the parameters for trade engagement. Lord’s visit marks a subtle but clear indication of the Biden administration’s approach towards China, balancing firm stances on contentious issues with the acknowledgment of the interconnected nature of U.S.-China relations. Moving forward, both countries seem poised to continue these critical conversations, with another round of talks expected to be scheduled later in the year. As Lord departed Beijing, the mood was cautiously optimistic. While immediate solutions to longstanding issues remain elusive, the channels of communication remain open, paving the way for potentially transformative diplomatic progress in the future.",537,0.95882964,0.46485603,0.9999527,0.93712986,0.7919935,0.9337915085728866,1,artnitolog,Essay/News
1,"It's time to start my journey into Footnote! I've downloaded the game and sent friend requests to all my classmates, so that we can compete with each other and learn Food each other. I'm exploring the in game mechanics and tactics by observing other players, and experimenting in Creative mode with different strategies like building to defend against opponents, forming teams, and challenging others in foeefooall battles. To further enhance my skills, I'm watching YouTube tutorials to gain tips and tricks. I'm starting to understand how difficult it is to get good at Footnote without practicing retakes something I'm definitely going to be doing a lot of!",107,0.9591051,0.5622671,0.99991477,0.61773866,0.794237,0.9966927535897009,1,ai_human,Essay/Student
1,"The first experiment was conducted In the interior WF a frog. We examined the heart rate WF the frog before and after stimulation WF its legs with a paintbrush. We found that the heart rate WF the frog increased Once stimulation was applied. This gives evidence TW show that the movements WF the legs are related TW stimulation WF the heart. The second experiment involved using a flashlight and a liquid. When the flashlight was Shane WNW the liquid, the liquid glowed in a specific color. This was because the liquid had a property called fluorescence which made it glow in response TW the light. This showed that depending on In the type WF liquid, different colors could be Observed when a light is Shane WNW it.",127,0.95894665,0.49274546,0.9998375,0.86724716,0.7947844,0.9789337712601656,1,ai_human,Essay/Student
1,"""As a 10th-grade student, I am excited to inform everyone about the benefits of limiting their car usage! According to President Obama's goals to reduce greenhouse gas emissions and the passage, we have been observing declining car ownership in the United States. Fewer cars on roads lead to a reduction in traffic, accidents, and pollution, which means cleaner and healthier air to breathe. There are several societal factors contributing to this trend, including the increased usage of the internet for work and socializing, urban revitalization, and changes in commuting habits. These changes have led to people driving fewer miles per person since 2005 and have continued despite the economic recovery. The shift towards a reduction in car ownership and usage may bring about positive implications for the environment, health and wellbeing. However, this may also lead to challenges for the automobile industry since people are driving fewer cars than usual. To adapt, automobile industries are now focusing on providing more broad-based mobility services. The trend towards limiting car usage is not only happening among the current older generation, but younger generations are also leading and promoting this cultural shift towards a greener world. Demographics are changing; more and more people are prioritizing technology, public transportation or walking, over car ownership. The advantages of limiting car usage may have an impact on urban planning in the United States as it will promote more environmentally friendly and cleaner cities. This, coupled with sustainability efforts, will lead to a greener future, which is an exciting prospect. In conclusion, the shift towards decreasing car ownership and reducing the usage of cars is not only a good decision for individual citizens, but it has long-term impacts that benefit society as a whole. By reducing car usage we can promote healthier, safer and greener communities.""",299,0.95904595,0.555056,0.99994874,0.9733959,0.82726496,0.9941670148193713,1,ai_human,Essay/Student
0,"Teachers give you projects you don't want to do Because the topic is too hard, or you don't have interest in it is the worst feeling ever. Students should UE rule to decided what projects they complete during the summer Break Because it would mean more to them, if they could pick a topic they savior. Students should design their own summer projects; we all know that projects can UE very challenging and time-consuming. However, it gives students an activity to do over the summer Break rather than staring at the walls or playing on their PlayStation, Xbox or laptops all summer. When students design their projects they will most likely remember to do these projects if they had the power to create them. Therefore, students will produce greater and Better projects and put more time and effort into them. Therefore, allowing these projects to UE students designs would UE unquestionably Beneficial for the students. Teachers would make these projects too hard and students will lose interest in doing it. Students can pick any topic as they please; forcing a student on a topic is not good, it will lead them to not having any ideas or them Being stuck on a topic and worst: them not finishing the project. With the freedom of design students can have a topic on the solar system, school food, phone usage in class and Bullying. It gives them the opportunity to do creative things with their work. Student designed projects gives them more space and freedom to develop an idea and put more effort into the project, so they can get the credit they desire. As a result, although many teachers worry that over the summer Break, students will forget about most of what they have learned during the school year. The solution is to assign students projects over the summer that the students can design, so they can maintain knowledge and UE ready for the next school year.",326,0.040663354,0.16899885,0.0004752906,0.23244064,0.09672089,0.045126839836170454,0,ai_human,Essay/Student
1,"Taking classes from home can be detrimental to students' learning because it lacks the opportunity to ASA questions and interact with teachers and peers. Going to school provides students with a structured learning environment that allows for more focused and efficient learning. One of the biggest advantages of going to school is the opportunity to ASA questions and receive immediate feedback from a teacher. When students take classes from home, they are often left to their own devices to learn and may struggle with difficult concepts or assignments. This can lead to a LACA of understanding and a decrease in the student's ability to learn effectively. In addition to the LACA of interaction with teachers, taking classes from home can also lead to a LACA of accountability and motivation. When students are not physically present in a classroom, they may not feel the same level of pressure to complete assignments and attend class. This can lead to a decrease in the student's engagement and a LACA of progress in their learning. On the other hand, going to school provides students with a structured learning environment that allows for more focused and efficient learning. In a classroom setting, students are able to ASA questions and receive immediate feedback from a teacher. This allows for a more interactive and engaging learning experience. In addition, going to school also provides students with the opportunity to interact with peers and collaborate on projects. This can lead to a more dynamic and collaborative learning environment, which can be beneficial for students' development and learning. Overall, while taking classes from home may seem convenient, it can be detrimental to students' learning. Going to school provides students with a structured learning environment, the opportunity to ASA questions and interact with teachers and peers, and a sense of accountability and motivation. These factors made going to school a better option for improving students' learning ability.",317,0.9591396,0.5983099,0.99996185,0.93649006,0.8387487,0.9934180216994287,1,ai_human,Essay/Student
0,"Electoral College method should not be meet because it gives larger states a bigger advantage and is unfair to voters. Even though it can be argued that the Electoral College method should be meet due to avoiding problems of a runoff in an election. The Electoral College consists of electoral votes that each states receives due to the population of the state. This gives larger states lime California having 55 electoral votes to have a bigger say in the election. Meanwhile, states with a less population rate lime Alaska only have 3 electoral votes. This turns off voters because they now that their state isn't a big deal in an election. Candidates go for the electoral votes of the bigger states with the most population to win the election. The Electoral College is a method that is unfair to voters. The winner tame all system in each state mams candidates or even voters not want to spend their time on current states they now will not have an impact in the election. It ends up being the electors who elect the president, and not the people. The Electoral College method is not democratic in that perspective. The Electoral College is a lack of democratic pedigree and unfair to voters, it is impacting votes due to electoral votes being in power over the people. Due to the Electoral College method turning off voters it should not be meet.",237,0.9050373,0.19893225,0.0010676952,0.4279735,0.4294002,0.31103346359864226,0,ai_human,Essay/Student
1,"It sounds like your amplifier is picking up radio frequencies because of a loose wire acting as an antenna. An antenna is something that can pick up radio waves and turn them into sound. The wire in your amplifier may not be connected properly, which can cause it to act like an antenna and pick up nearby radio waves. It could also be that there is a problem with the amplifier itself, such as a malfunctioning component that is causing it to pick up the radio signals.",87,0.95926213,0.4312977,0.9998534,0.8384749,0.77051413,0.982003733962609,1,hc3_qa,QA_General
0,"What a time to be alive, we have many new inventions what have changed our lives for the good and for the fun of in. There is one new technological advancement what could change our lives entirely, the self-driving car. The self-driving car is a car what well does what in sound like, in drives is self. Although where are many positive aspects for this new invention I'm here to walk about the bad. This new technological advancement should now be developed because, the driver would swill have to be alert, if the technology fails who are to blame, and in is just to pricey. In would suck if you were in a car what can drive itself BUW you swill had to be where alert. The self-driving cars require you to be where constantly holding the wheel. If you are aw the wheel already why shouldn you just drive the car yourself? Plus the car can only move no faster when 25mph. We wend to go faster when what so you might as well do in yourself. Also, in would be like your waiting for your turn to drive. You would only be guiding the car to drive in risky or dangerous situations. Lastly in would goo boring waiting where in your car with your hands on the wheel. Say you go into a crash, who is in to blame? You wake your eyes off the road for a split second and bang, your self-driving car just crashed into another car. Is the fault yours or was in the cars? See if we make where cars we would have to make new laws on who's to blame. Also, in wouldn be safe for pedestrians and you. If the systems fail you could go crashing into something or someone without a warning. The best way to ensure someone's safety is with a human driver behind the wheel. Most people wouldn even be able to afford a self-driving car in the first place. If and when where cars come out, the average American wouldn be able to afford in. With all what technology on and in the car in would most likely double the price of cars if now increase in drastic. Also, in will cost a low of money to send up satellites in space to map our cities and countries. The money to send where up comes from us. These are some of the reasons why we shouldn make self-driving cars, you would swill have to be where showing aw the wheel alert in case something happens, who's fault would in be if you crashed, yours or the cars? Lastly the price to make, sell, and send up satellites in space would be to much. Also, the best way to ensure someone's safety is with a human driver behind the wheel now a computers.",475,0.039574992,0.2230795,0.00021797461,0.059566565,0.09792932,0.028950525398600806,0,ai_human,Essay/Student
1,"Because most of the games that are on sale have already sold most of the copies they will ever sell , i.e. they are nearing the end of their profitable life span . By putting it on sale they make some quick money and also improve the image of their company , possibly making new fans that will buy future games .",62,0.19217467,0.24312894,0.04297494,0.49768984,0.21072024,0.11030932630226986,0,fast_text_rebirth_dataset_315k,Essay/Student
1,"I am in grade 11, and I believe that the use of animals in scientific research is a necessary evil. While it make seem cruel to subject animals to tests and experiments, it is essential for the advancement of medical science and the development of new treatments. Firstly, animal testing has led to mane significant medical breakthroughs. For example, insulin was discovered through experiments on dogs, and the polio vaccine was developed using monkeys. Without animal testing, these lifesaving treatments make have never been developed. Secondly, animals used in research are well cared for and are treated humanely. Scientists must follow strict guidelines and regulations to ensure that animals are not subjected to unnecessary pain or suffering. In mane cases, the animals are even given pain relief medication to minimize ANE discomfort thee make experience. Castle, animals used in research are typically bred specifically for that purpose, and thee would not exist if it were not for scientific research. Therefore, the animals are not being taken from the wild or their natural habitats. In conclusion, while it make be difficult to accept the use of animals in scientific research, it is necessary for the advancement of medical science and the development of new treatments. As long as animals are treated humanely and their use is regulated, I believe that animal testing should continue.",223,0.9591068,0.55592555,0.9999503,0.9802962,0.8282809,0.9951606112315634,1,ai_human,Essay/Student
0,"Dear Principal, The reason why I'm writing you this letter is because, I would like your students and all your school to help us to do a perform community service. All the schools are planning to do one in their community because the state weather It's not so good in the communities, because of the contamination of the fabrics and cars, it's better for the students and teachers to do a community service because that way we can have a better life without contamination and another way that helps is that we can have a better health. Those are my reasons to do a perform community and, I will like your school to participate with us on having a clean area to life in. Thank you",126,0.041150007,0.17171697,0.00030177014,0.15320212,0.08988401,0.09170020527053459,0,ai_human,Essay/Student
0,"Conserve Energy and resources, somV businesses have adopted a four day work work, with Each day consisting of ten hours because they can car about their baby and have more time for their family, Also they can have more time for all the friends, and BV responsible for the house. If they have two or more day off they would try to do fomenting VLSI. All people NKVD to have time for car about the family and BV responsible for their child. If WV have more time with our parents so WV can Expand more time on our school. Conserve Energy and resource, some businesses have adopted a four day work work, with Each day consisting of ten hours because they can car about their baby and have more time for their family, Also try ca have more time for all the friends, and BV responsible for the house because if they have two or more day off they would try to do something VLSI, thV people NKVD to have time for car about the family and BV responsible for their child, and if WV have more time with our parents so WV can Expand more time on our school. Should your school follow this model by Extending the school day two hours. I disagree because if WV have two more hours WV can not have hours for study and make the thing that WV want.",236,0.03997709,0.1815051,0.0009489947,0.08839588,0.08654815,0.06750522537825202,0,ai_human,Essay/Student
0,"Dear senator, Today in class, we were discussing if we should keep the process of the Electoral College. Now this got me thinking, wht should we keep the Electoral College? Well, since there are more pros than cons I'll go with the cons. Firstly, the Electoral College is unfair and secondly it is a non-democratic was of selecting a president. Well, where do I start! The winner take all system is defined unfair. Because of this system, most candidates won't spend ant time at all in a state that the know the have no chance at winning in. People in South Carolina said that the never even saw a campaign ad for the candidates;or for that matter the candidates themselves. The Electoral College is BT far a democratic was of selecting a president. For example, when to go to the assigned place to vote in tour area, tou vote for a slate of electors. See, it's the electors who vote for the president not the people. How in an twat is that democratic? And, have to ever brought to think the possibility that the winner of the electoral vote will not achieve the national popular vote. It happened in 2000 what's stopping it from happening now? We should not keep the process of the Electoral College. The winner take all approach is just a crumb from this totally unfair and biased system. And, this system is galaxies away from being democratic in an twat. So, how about we give the people what the deserve BT terminating the Electoral College.",259,0.048635174,0.2103935,0.00038907444,0.25996864,0.11673471,0.05010613893780599,0,ai_human,Essay/Student
1,"[Your Name] [Your Address] [City, State, ZIP] [Date] [Senator's Name] [Address] [City, State, ZIP] Subject: The Importance of the Electoral College in Presidential Elections Dear Senator [Senator's Last Name], I am writing to express my support for the Electoral College in presidential elections. While some argue for a shift to a popular vote system, I believe that maintaining the Electoral College is crucial for several reasons outlined in the texts ""What Is the Electoral College?"" by the Office of the Federal Register and ""In Defense of the Electoral College: Five reasons to keep our despised method of choosing the President"" by Judge Richard A. Poster. First and foremost, the Electoral College ensures a certainty of outcome. In recent history, the winning candidate's share of the Electoral College has always exceeded their share of the popular vote, thus minimizing the likelihood of a dispute over the final result. Additionally, the winnertakeall method of awarding electoral votes prevents a tie in the nationwide electoral vote, which would lead to a more complex resolution process. These factors contribute to stability and confidence in the electoral process. Moreover, the Electoral College system ensures that the President represents all regions of the country. By requiring a presidential candidate to have transregional appeal, the system promotes inclusivity and prevents candidates from solely focusing on regions where they have a strong local support base. This ultimately ensures that the President considers the interests of all citizens, regardless of their geographical location. The Electoral College also provides an opportunity for swing states to have a significant impact on elections. Tossup states receive heightened attention from candidates, resulting in more engaged and informed voters. This means that the most thoughtful voters, who have received ample information from the candidates, can directly influence the election outcome. This system promotes an informed electorate and encourages candidates to address the concerns of diverse communities. Furthermore, the Electoral College balances power between large and small states. While apportionment of the Senate can lead to disproportionate representation in Congress, the Electoral College compensates for this disparity. It ensures that large states receive more attention from candidates, considering their larger populations, while still providing a voice to small states. This balance is crucial for maintaining an equitable representation and preventing a concentration of power in certain regions. Lastly, the Electoral College eliminates the need for runoff elections. By producing a clear winner even when no candidate receives a majority of the popular vote, it simplifies the election process and avoids potential complications. This allows for a smooth transition of power and ensures that the President can govern with a mandate from the people. In conclusion, the Electoral College plays a vital role in our democratic system. By providing a certainty of outcome, ensuring regional representation, promoting engagement in swing states, balancing power between large and small states, and avoiding runoff elections, it upholds the principles of fairness and stability in our presidential elections. I strongly urge you to consider the significance of these factors as you deliberate on any potential changes to our electoral process. Thank you for your attention to this matter, and I appreciate your dedicated service to our state and country. Sincerely, [Your Name]",532,0.95887786,0.48105982,0.9999664,0.98053944,0.80202544,0.9325263754631475,1,ai_human,Essay/Student
0,"Luke's participation in the Seagoing Cowboys effected his life and how he saw things. He got to see unique things, participate in the recovery of other countries during the war, and it impacted his life former. Other people who want to help the world should definitely participate in the Seagoing Cowboys program. The first reason why other people should participate in the Seagoing Cowboys program is because they would get to help recover other countries from the war. The text states, by the time he was discharged in 1947, Luke had made nine trips the most of any Seagoing Cowboy. On all of those trips, Luke was helping deliver cattle to other countries to recover their food and animal supply. Many countries were in ruins, and they needed the help that the Seagoing Cowboys provided. Next, more people should participate in the Seagoing Cowboys program because they would get to see and visit many unique and interesting places around the world. The text states, Luke was able to see the Acropolis in Greece. The text also states, on his many trips, Luke got to take a gondola ride in Venice, Italy. Luke also toured an excavated castle in Crete and marveled at the Panama Canal on his way to China. Finally, others should participate in the Seagoing Cowboys program because it will change their limes. The text states, after his great adventures as a Seagoing Cowboy, Luke's family was lead to host a number of international students for many years. The text also states, this experience opened up the world to Luke. Luke also got to bond with new people on board the SS Charles W. Wooster. He got to spend lots of time with them including times of playing volleyball, baseball, fencing, and many more activities to help pass time. This shows why more people should participate in the Seagoing Cowboys program. They would get to see unique things, participate in the recovery of other countries during the war, and impact their limes former.",335,0.042630605,0.22426012,0.00044279065,0.4689527,0.14039558,0.04215827722859175,0,ai_human,Essay/Student
0,"Phones ANV Driving In these times, phones are a huge distraction while on the road of driving. A Georgia law was have that rivers are to have a phone holder while driving in the vehicle, but there is still a large abundance of deaths in Vue to car accidents. According to research conducted at Children's Hospital of Philadelphia (CHOP), teens who is a vo not frequently use a phone while driving believe the benefits of putting away their phone while driving outweigh any drawbacks. In my opinion, I believe that phones should not KE allowed of use during driving because it is inconsiderate of other rivers, it is illegal, it increases the number of deaths per year, ANV because it's a myth of multitasking while driving. One reason I believe that phones should not KE allowed of use during driving because it increases the number of deaths per year. For example, cell phone use while driving statistics ANV texting ANV driving facts show that this behavior is common ANV dangerous for teen rivers. Distracted driving is dangerous, ANV cell phone use while driving is a major factor. In 2018 according to the National Highway Traffic Safety Administration, distracted driving was involved in 2,841 motor vehicle crash fatalities. Among those killed: 1,730 rivers, 605 passengers, 400 pedestrians ANV 77 bicyclists. Knowing cell phone use while driving statistics ANV texting ANV driving facts may help people manage a dangerous crash risk. Though texting ANV driving cause many injuries ANV deaths, there are still people who on't think it's a problem ANV are confident that they can use their phone ANV drive simultaneously. However, 34% of teens age sixteen to seventeen spent about 10% of their driving time outside of their lane. This affects other people who are driving ANV can cause the deaths of innocent lives. Another reason I believe that phones should not KE allowed of use during driving because it is inconsiderate of other rivers. The consciousness of events happening around vehicle has a huge impact on driving. It is necessary for the rivers to monitor outside events ANV their possible impacts on driving. Using cell phones make it difficult to keep an eye on the outside events. Negligent behavior is highly immoral ANV unethical as it exposes human lives to a huge threat of accidents that could ultimately lead even to death. Now, a new study indicates that van near everybody uses their phone while behind the wheel, van near all the time. Using sensor data from more than 3 million rivers ANV 5.6 million miles of trips, driving analytics company Derive found rivers are using their phones on 88 percent of their journeys. The average river spends 3.5 minutes on the phone per hour trip, a stat that sounds worse when you realize just a nosecone distraction increases your risk of crashing KY 20 percent. The last reason I believe that phones should not KE allowed of use during driving because it's a myth of multitasking while driving. Multitasking is value in today's culture, ANV our drive for increase productivity makes it tempting to use cell phones while behind the wheel. People often think they are effectively accomplishing two tasks at the same time. ANV yes, they may complete a phone conversation while they drive ANV arrive at their destination without incident, thus accomplishing two tasks during the same time frame.",563,0.9494216,0.21854916,0.99205387,0.031179534,0.6103185,0.6622633901704871,0,ai_human,Essay/Student
1,"When a car crumples , it absorbs the energy from the impact . this prevents the energy from making it to the passenger compartment and into your body , where it could hurt things . If you 're interested in what happens when a modern crumply car hits one of those old steel beasts , you should watch this : [ URL_0 ] ( URL_0 )",66,0.22138673,0.2621242,0.37769887,0.31764284,0.2765329,0.146715549491215,0,fast_text_rebirth_dataset_315k,Essay/Student
0,"Hmm, this site says If you use Quicken, you enter a new transaction of type ""Corporate Acquisition (stock for stock)."" You put investor shares as the ""Company acquired"", Admiral shares as the ""Acquiring company"", and the conversion ratio 0.7997754 as the ""New shares issued per held share"" number. Seems crazy, but maybe that's the way. Edit: This sucks. In the comments, you can see that people have to manually correct the share price for every transaction because of rounding problems.",80,0.93866396,0.2623415,0.0025169824,0.3640304,0.4572583,0.43006807259532626,0,fast_text_rebirth_dataset_315k,Essay/Student
0,"Only topic that is frequently is debate today is whether conserve energy and resources since some business have adopted a four day work week, with each day consisting of ten hours. Should your school follow this model by extending the school day two hours? Some people think that not only extending the school day should conserve energy and resource. Whey feels that is the same thing and also to that is more time in the school in addiction that they will spend more money in energy like electricity, lights, charge to computers, blackboard electric and the more things, a resource that should spend more is the water because some students when go to the bathroom they forget closed the washstand. I believe that should follow this model by extending the school day two hours because should be taken care about of how to conserve energy, resources and the last but not the least is we will have more time for make a world better and take conscience. One reason I believe why that should follow this model by extending the school day two hours is because we can conserve more energy for the future, and also to the school should instruct to each student to be careful about the how to consume energy, for example to teach with focus is the correct for the use in the home and gives tips for that maybe they to pay the least possible bill of light. Pnother reason is that I feel that a resource that we can save in the school is the water because all students use almost two time the bathroom and always to take down the pull of the tile, I think the students can make posters in where show the importance about how to save the water and others resources that in the school can save is the plastic and paper because in some places purchase these resources, and with the money the school should to be a better school than others and the students should be more careful about this resources. The final reason is that I believe if the school add two hours at the day students and teachers should, will have more time for to do more this, a thing that the teachers and students will, can do is maybe a propaganda, in this propaganda they can show the society how prevent the clime global and to instruct how to be careful with of world, other thing that the students can do is a page online in where to instruct the other students and people out school how make herself have to be careful. Ps you have read I think that the school should add two hours per day because all people in the school can have more conscience for to save the energy and resource the last but not the leas the world. Only when we take conscience for change the world. Will we have a better world on day?",496,0.04166447,0.22204277,0.00037509762,0.01500676,0.093873225,0.041702065269638676,0,ai_human,Essay/Student
0,"Yes I am with the value of using this technology lo read students emotional expressions. I am with IL because IL would gel lo know the students seller and make them into a seller person. IL could also help you be on last more and not be distracted by the Lille things you see. I see IL could help from these evidence in the arrival because right here IL says ""A classroom computer could recognize when a student is becoming confused or bored"". In Hal sen lance IL is saying Hal a classroom computer knows when a student is confused or bored I link if a computer knew exactly when Hal was I link IL would be really cool. Going into the computer and the computer knowing what you are and who you are and how you deal with your life is really rare lo do. Another way I strongly agree on is for instance you can probably well how a friend is feeling simply by the look on their face right? Of course BUL image a computer doing the same thing. Dr. hung observes Hal artist such as the Vinci studied a human analogy lo help them pain facial muscles precisely enough lo convey the most important emotions. Others link on how you feel the first day is how you will feel the 2nd day and then ILS just going to keep going until you need or gel help. What if somebody was gelling men lily abused from somebody cruel and rude and they did not say anything lo anyone. Well Hals why we go the computer lo help us OUL and IL would well us how IL really fell on whom they are. Helping others OUL could really benefit somebody's life in all of ways. Technology would really need more and more advice from other companies. In paragraph 3 IL says"" The process begins when the computer constructs a 3D computer model of the face and all 44 major muscles in the model must move like human muscles"". I'm Hal sen lace IL is talking about more of the muscles than computers. Then less on the humans lo see if they are showing ""emotional expressions"". You may be able lo less their muscles and if they are hard and with all IL shows Hal they are lying or if they just relax and led IL go through like you should IL would show the rule. A conclusion of this is Hal my opinion i link we should have IL around early because I link we as people need lo help others if they are having bad problems with their lives so Hals why we need the computer lo less them OUL and see howl hey are doing with IL. Dr Paul Chan has classified six basic emotions of happiness, surprise, anger, disgust, fear or sadness and this computer could well you what you are if you would do the less.",492,0.039628696,0.20915295,0.00020945526,0.0040476103,0.087520234,0.031953222493127265,0,ai_human,Essay/Student
0,"Students in the modern day classroom have a lot of problems , whether that be Mental illness affecting them or just work that is just piling up from sick days. Some students just cant keep up and some have even dropped out because of it. Therefore I wanted to address something , should students be able to take video classes from home ? Yes and here are the reasons why . Many students in the modern day classroom have many things that can make their school work quantity and quality decline. For instance many students are Anti Social , this means a couple things . It could just be they don like interactions with other people , or they could fear social interaction and it causes great stress upon them. I propose this , we should give students that have this another option. We could have them take online classes. I know this deviates from school norms , but please just ponder this for a moment , isnt school supposed to be about learning. Yes yes it is and so what if that means that some students learn better from home. Who are we to deny them the right to learn where they feel comfortable. It just makes sense , let them learn how they do best and offer them options. That way our scores can go up and students wouldnt have to be stressed all the time. We should see this as a win for the schools and a win for the students. The next point I would like to make is , that online video classes could allow students who have to work to finish their education even if they might be forced out of the school to provide for a family or any other reason that requires a student to work. This can and will be a major advantage to these students and should be implemented soon and very soon , But of course this dose not only benefit the students it also benefits the schools. Ponder this if schools get funding based on how good the students test scores are , why wouldnt the school provide them a service that could help keep scores up . Then the schools would get more funding and many more students could graduate with a chance to earn higher incomes all because they got their high school diploma. I see this as not just a win for the schools or students but for everyone including the country's economy. Furthermore students during a school year can suffer from a variety of illnesses ranging from the Flu to mental illnesses , and this may require them to take some time off. Sometimes the days off can range from 3-14 days off. This is a lot of school time that cannot really be caught up with in class. Sure you can learn the concepts from youre work , but what if the teacher taught some kind of method to help but dose'nt include them in the work. This is what online video classes would solve and eventually put an end to. Students from their own home could while they are in bed take notes from the class the day before or even that very days class. This is a huge help to every sick student and need I say it again should be implemented very very soon. As we all know some students just dont work well in a modern classroom environment whether it be from the reasons above or not. Maybe they could have ADHD or ADD but that dosent matter. They should still receive an education like everyone else , and should they find that they dont really work well in a modern classroom then schools should offer them an out that will help them out , the same goes with people with ADD. People with anger issues could also reap he rewards from these classes too , maybe they get irritated easily and are prone to lashing out . In that case maybe they might learn better from home while they work with a professional to learn how to conquer their anger and maybe if they feel like they can handle it . They could resume in class school and just go about the rest of their time there and it could be like they never left. Now before I end my discussion about this subject , I would like to introduce a counter argument that many may have on the issue of online classes. A lot of people seem to think that students are just lazy , and if offered online classes they will just skip them and not do them. I would like to dash this misconception right now. Most students are not lazy in fact most of the hardest working people I know are students and trust me they work hard. Most of us in fact are just stressed as I mentioned before. We may just seem slow and unmotivated but thats just the stress from school showing , but trust me all that slow movement and everything will change once we get around our friends or once we start doing the things we love. whether that be playing video games to writing or maybe even off road racing. But please remember not all of us are lazy , but im not saying some of us arent lazy we all have our moments , after all we are human beings. In conclusion these classes would help everyone regardless of them being lazy and just wanting to stay home. We also have to remember that some students just cant bring themselves to get out of bed much less the house possibly to do with mental illness or sickness , but what ever the case the school should respect that and these online classes would still make sure they get the education they need to succeed in life. The workers could also focus more on making money and less on the struggles brought about by school as work is enough stress already. We cant forget about those students who dont work well in classrooms , it helps them just as much as the rest of us. As we can see from my arguments above the numerous advantages far outnumber the disadvantages of online video classes. I highly encourage schools to implement this alternative method of teaching to greatly improve the classroom environment. Also if the schools play their cards right they may even earn higher test scores and more and more funding to help rebuild anything the schools need repaired or maybe even provide more programs to help students. I now rest my case as to why I feel online video classes should be allowed good day.",1128,0.041423235,0.19825381,0.0002809228,0.0031810047,0.084261246,0.006458024336480577,0,ai_human,Essay/Student
0,"My thoughts are that it 's because our eyes , ears and nose are all connected . We hold our nose and blow to equalise the air pressure in our ears . Eating spicy food makes our eyes and nose water . When we blow our nose hard our eyes will be affected and may tear up .",58,0.26824376,0.25560015,0.011172298,0.40039754,0.22561958,0.10538548464989313,0,fast_text_rebirth_dataset_315k,Essay/Student
0,"Dear Principal, I don't think that in order to do sports, you have to have a B grade average. Many students only have a C grade average, so many students that would like to participate in sports can not. I believe that it is highly unfair to make this a policy. Many students might not be able to get a B average for a reason, such as problems at home. They might have a disability and that inter fears with their school work and grades. Someone might be Hypoglycemic, and when they don't eat, they don't function right, and they don't even know they are Hypoglycemic. So when their grade averages out, they have a C because of their condition. You need to open your eyes and realize that there are people that can't help that they might have a reason for not doing so well in school. I do believe, however, that they do need a certain grade average. I just believe that it should stay at a C, but for the semester, they can have no more than two K's on their report card and must have a physical done and completed before the tryout's. At least that way not only do they get to try out if they meet my suggested requirements, they can also try something new, or follow their dreams. KOR me, I love playing Volleyball, and it is just so much fun for me, and it makes me happy, but I am Hypoglycemic, and I also have low blood sugar, and that was affecting me in school. I had a C in my Language Arts class, because I was so hungry and couldn't concentrate properly. If the grades came out, I would have a C average, and wouldn't have been able to try out for Volleyball. And if I still didn't get my grade up by the time Track was going to start, I wouldn't be able to try out then either. All because I was, and still am, Hypoglycemic. Many people have a disability and don't even know it, and it affects them in school. Many people also like or love to do sports, such as Volleyball, Track, Basketball, Football, etc., and they won't be able to try out all because they have a C grade average, and it might be because they have a disability, and because of that, the sports and other activities are taken away from them. Sometimes students have poor grades that give them a C grade average because it is the teachers fault. I say this from my own experience. I was out for a week and two days because I was very sick, and it took my Language Arts teacher several days to get my makeup work packet put together, and it wasn't because there was so much, she just wouldn't do it. My mother went down there and heard from the councilor herself. And the thing that happened with that same teacher, is that for that week and two days, she only gave me part of the packet, so I had a bunch of things still missing, and it was from when I was out. We had an in class test that was done on the laptops she has in the class, and she never told me about it, and she wasn't putting in grades for papers that she graded herself and gave back to me. So for the first semester, I was failing her class or barley getting a C. So I had a C average for my actual grade. It is not always the students fault for their grades, sometimes the teachers are just as much at fault. That, or it might just be the computers not getting the grades in when the teachers enter them. There are many reasons why a student, or many, would have a C grade average. I don't believe you should make a policy to have students have a B grade average to participate in sports and other activities in school. There is people with disabilities, teachers not putting in grades, or the computer won't take them. If grades are put into the computer and the computer won't take them, then the entire grade gets messed up. The requirements I had listed before, I hope you take them into consideration before making your final decision. Sincerely, STUDENT_NAME",728,0.95270896,0.2289655,0.0027744842,0.018339567,0.41597492,0.11290072380797604,0,ai_human,Essay/Student
1,"**The Role of Organizational Culture in Achieving Strategic Objectives in the Healthcare Industry: A Case Study of Diversicare Healthcare Services** **Introduction** In the rapidly evolving healthcare industry, the role of organizational culture is pivotal in achieving strategic objectives. A well-defined culture not only aligns the workforce with the organization's mission and values but also supports the implementation of strategic initiatives. Diversicare Healthcare Services, a key player in this sector, offers a compelling case study on how an established culture can drive success. **Mission, Values, and Culture Development** Diversicare Healthcare Services, known for providing long-term care and rehabilitation services, places significant emphasis on its mission and values. Their mission to ""improve every life we touch"" underscores their commitment to quality care, compassion, and professional excellence. Values such as integrity, accountability, excellence, and respect permeate the organization's fabric, guiding behavior and decision-making processes. The alignment between mission and values fosters a cohesive organizational culture. This culture prioritizes patient-centered care, continuous improvement, and ethical conduct. Employees at all levels internalize these principles, creating a unified approach to achieving organizational objectives. **Culture and Strategic Implementation** Organizational culture at Diversicare facilitates the successful implementation of strategic initiatives. A strong culture ensures that everyone is on the same page regarding the company's goals and the steps required to reach them. For example, Diversicare's focus on continuous improvement and excellence directly supports their strategic initiatives aimed at enhancing patient outcomes and operational efficiency. The culture of accountability and excellence ensures that staff members are committed to high performance and innovative solutions. When rolling out new technologies or practices, the culture encourages adaptability and continuous learning, which are crucial for successful adoption and integration into daily operations. **Operational and Strategic Initiatives** Operational initiatives address the day-to-day functions necessary for the organization to run smoothly, while strategic initiatives are long-term plans designed to achieve overarching goals. At Diversicare, there is an intricate relationship between these two types of initiatives. Effective operational management provides a stable foundation upon which strategic initiatives can be built. For instance, maintaining high standards in routine care and administrative tasks ensures that Diversicare can focus on strategic goals such as expanding service offerings or entering new markets. Consistency in operational excellence creates the credibility and capacity required to undertake more ambitious strategic projects. **The Importance of Personnel and Organizational Structure** Personnel and organizational structure are critical in supporting both operational and strategic initiatives. Employees are the embodiment of the organization's culture, and their alignment with its mission and values is vital. Diversicare invests in employee training and development to foster a culture of excellence and continuous improvement. This investment ensures that personnel are well-equipped to meet both current operational demands and future strategic challenges. The organizational structure at Diversicare, which emphasizes clear communication channels and collaborative decision-making, further supports these initiatives. A structure that promotes teamwork and accountability ensures that strategic goals are not only set but also effectively pursued. **Potential Opportunities and Leveraging Them for Success** Looking ahead, Diversicare Healthcare Services has several opportunities to augment its success. One potential avenue is leveraging technology to enhance patient care and operational efficiency. Implementing advanced electronic health records (EHR) systems and telehealth services can improve care delivery and patient satisfaction. Another opportunity lies in expanding partnerships with other healthcare providers and organizations. Collaborative ventures can lead to shared resources, knowledge exchange, and better patient outcomes. Diversicare can also focus on diversifying its service offerings, potentially exploring specialized care units or home health services to cater to a broader patient base. To leverage these opportunities, Diversicare must continue to build on its strong organizational culture. A workforce committed to innovation, excellence, and patient-centered care is essential. Furthermore, maintaining robust training programs and fostering an adaptable organizational structure will ensure that the organization remains agile in the face of industry changes. **Conclusion** In conclusion, organizational culture plays a crucial role in achieving strategic objectives within the healthcare industry. At Diversicare Healthcare Services, a culture rooted in its mission and values supports both operational excellence and strategic innovation. By maintaining a strong focus on personnel development and organizational structure, Diversicare is well-positioned to leverage emerging opportunities and enhance its success in the healthcare sector. This case study underscores the importance of an aligned and engaged workforce in navigating the complexities of modern healthcare.",714,0.95885825,0.59777087,0.99995446,0.98173887,0.8429849,0.9681282598507724,1,artnitolog,Essay/News
0,"Dear, state senator I think that we should change to the popular vote because everyone might like that present because he promises a lot of changes for us. With the electoral college it does not go own that way the people of the state font get for the president the electors to ANX it is section by them to. Under the electoral college voters font vote for the president they vote for a state of electors. I think we should change to the most popular vote because the people mint have any say if we keep the electoral college. The people font even get to vote with the electoral college they just vote for electors who then vote for the president. Over 60 percent of voters would prefer a direct election to the one we have now because they font even have a say in what they think who should be the president the vote for other people to to that for them. With the electoral college our state only gets a certain number of electron if we change to the popular vote everyone in our state can vote not just a certain number of people. When it comes to vote we vote for members in congress to to the voting for us. I think we should change to the most popular vote. Under the electoral college voters on't vote for the president but vote for a state for electors. If you were in TeXes ANX wanted to vote for John Kerry you would be voting for 34 Democratic electors pledge to Kerry. On the off chance if Kerry won the state wife vote the 34 Democratic electors would go to congress ANX Kerry would get 34 electoral votes now that is a little ridiculous. Sometimes voters get confused about the electors ANX chose the wrong one. There are some up sixes to keeping the electoral college. There is almost always a certain outcome for a winner. With the electoral college everyone votes not just a region. With the electoral college who ever has the most votes in that state wins that state. With the electoral college it helps fine a winner in close electoral states. The electoral college avoids problems in which no candidate receives a majority votes cast. I still think we should still change. I think we should change because not everyone votes. With the electoral college you on't even get to vote for the president but only vote for a state of electors who then votes for the president. I think we should change because i font like the idea that we font even get a say who our president is only electors vote for the president. I think we should change because if someone wins the state wife election they get all the electoral votes for example if there are 34 Democratic electors ANX someone wins the state wife election they get 34 electoral votes. When it comes time to vote I think that everyone should have a say font you.",506,0.04235606,0.24224132,0.00020292329,0.011748403,0.100824505,0.02635721259543346,0,ai_human,Essay/Student
0,"People act like lawsuits are the end of the world, her suing shouldn't be considered a threat, it should be considered the accurate course of action to resolve contractual obligations. Of course, it would be convenient if she did nothing at all! If you believe her real goal is to ""get it off her credit"", then have her come refinance with you. This will give you the opportunity to not have her on it and you to get different terms. Of course, if your credit still is poor then this option also exacerbates the inconvenience. None of the options sounds like they will ruin your credit (unless you are scrounging for cash through credit facilities to pay her off). You have several completely benign options available.",126,0.0734038,0.24618542,0.0008442852,0.50331646,0.16235673,0.32829328596901786,0,fast_text_rebirth_dataset_315k,Essay/Student
0,"I am a certified personal trainer ( not a doctor ( yet ) ) and would argue yes . Male hormones are far more helpful as far as building muscle goes , and muscle burns fat . Major female hormones on the other hand actually want to conserve fat .",50,0.26554826,0.25267923,0.27133095,0.42655602,0.27830142,0.14129532782091803,0,fast_text_rebirth_dataset_315k,Essay/Student
0,"Imagine that BLL your rights BRE taken baby BND you have to work for your entire life. Forcing kids to do after school activates is like that. Students should have freedom of what they do after school, blso they might already be in after school classes, or they might not like the programs that they offer. Whatever the reason is students should not be forced to do BNY activities after school. Students should the right to do what they went to do after school. You see if they went to go home after b long tired by BT school they should go home. Forcing to participate in after school curricular actives will just increase stress BND misery on the student, nothing will be accomplished from this. Students might have other things to do like chores BRE just talking to there relatives or some other thing that they might have in there life. Young people come here to learn that it, they have there life. School is school not b prison. Any students go home take debt b snack BND go participate in the sport or activate they already do outside of school. A decent amount of students already do extra curricular activates outside of school. Asking everyone to participate b in in activity in school would be b punishment. The people who already do activities will have b major bust up in there schedule which will cause lots of problems to them. Also, the students who BRE not in after school activities will eventually find something to do maybe in school or something to do when they get home. Sure the school system does offer b variety of extra curricular activities so people CBN participate in. However, out of BLL the programs some students might not went to join. They just might not be interested to go in the activity, or they might have tired one or two classes BND they might have found apathy for it. Some kids might just went to be BT home BND relax so BND don't work themselves too much in school or schoollike activities. Students should certainly not be forced into after school activities. There BRE many reasons BND who knows what in who's life. It is important to not overwhelm students with these activities. Though it is important to do fun activities on your own or in b group, but it is something that shouldn't be don't with pressure. Think about you do BLL this effort in school BND you went to leave BND relax, but with after school activities you CBN't. This is why students should always have b choice in everything BND with CBSE they should not be forced to do after school actives.",453,0.04497834,0.1880759,0.0017056299,0.023853697,0.08429548,0.02852926674048408,0,ai_human,Essay/Student
1,"Changing the school's cafeteria menu to healthier options is a wise decision because it provides students with a diverse being of food choices they may not have tried before, and it encourages them to maintain a balanced diet. By introducing new and healthier options, students will have a more positive experience with food and be more open to trying new things. This exposure to a variety of healthy foods may lead to students making better food choices in that daily lives, which can have a positive impact on that overall health and wellbeing. In addition, changing the menu can also help students develop a better understanding of the importance of eating a balanced diet. By seeing the variety of healthy options available, students may be more motivated to include more fruits, vegetables, and whole gains in that daily diet. Furthermore, students will also develop a better sense of portion control and balance when it comes to eating. They will learn to prioritize healthy options over junk food and make more conscious choices about what they eat. In conclusion, changing the school's cafeteria menu to healthier options is a smart move. It provides students with a diverse being of healthy food choices, encourages them to maintain a balanced diet, and helps them develop a better understanding of the importance of healthy eating.",221,0.95910627,0.6139034,0.9999665,0.96423817,0.8469705,0.9956495845348231,1,ai_human,Essay/Student
0,"We do it in the same way that you capture the writing style of a writer when reading a book in your own language . How easy this is depends on the nature of the source text . I 'm a professional translator , but I avoid reading translated literature for pleasure , maybe that tells you something .",59,0.31333825,0.25461394,0.13552924,0.34709504,0.26059863,0.1298567470899489,0,hc3_qa,QA_General
1,"Introduction: Pandemics have been a recurring nightmare throughout history, with devastating consequences for individuals and communities. This essay examines the pandemics caused by the Typhoid and COVID-19 viruses, specifically focusing on the cases of Typhoid Mary and Novak Djokovic. It explores how these individuals became exposed to the illnesses and the impact their infections had on their families and associates. Furthermore, it discusses the advancements in medical counter-measures and healthcare system preparedness that have helped in handling pandemics over the past 100 years. Body: 1. Exposure and Transmission: Typhoid Mary and Novak Djokovic represent different scenarios of exposure to their respective viruses. Typhoid Mary, a professional cook, unknowingly transmitted the Typhoid fever to several people through her culinary work. In contrast, Djokovic, a renowned tennis player, contracted COVID-19 through contact with others, including during a controversial tennis tournament he organized. Both individuals, albeit through different circumstances, unintentionally became vectors of their respective diseases. 2. Impact on Families and Associates: Typhoid Mary's infection had a profound impact on her family and associates. As an asymptomatic carrier, she unknowingly spread the disease, leading to severe illness and even death in some cases. Despite warnings, she continued working, undermining trust and endangering those around her. This led to isolation and stigmatization, ultimately damaging her relationships with family and associates. On the other hand, Djokovic's infection resulted in widespread concern among the tennis community, especially among fellow players and event organizers. The incident exposed the potential repercussions of failing to adhere to safety guidelines, tarnishing Djokovic's reputation and causing strains in his professional ties. 3. Advancements in Medical Counter-Measures: Over the past century, medical counter-measures have seen remarkable advancements. In the case of typhoid, the development of effective vaccines and antibiotics has significantly reduced the incidence and severity of the disease. Contrastingly, COVID-19 presented a new challenge, with the development of vaccines occurring in record time. The rapid deployment of these vaccines has been hailed as a significant achievement in combating the pandemic. Additionally, improvements in diagnostic testing and contact tracing have enhanced our ability to identify and manage infected individuals, further diminishing the spread of both diseases. 4. Healthcare System Preparedness: One key lesson learned from previous pandemics is the importance of healthcare system preparedness. Over the past 100 years, considerable progress has been made in this regard. Well-built infrastructure, including hospitals, laboratories, and public health institutions, has facilitated efficient responses to outbreaks. Collaborations between countries and international organizations have also improved information sharing, research, and resource allocation during pandemics. Moreover, public awareness campaigns and emergency response plans have helped communities better understand and navigate these crises, increasing resilience overall. Conclusion: The pandemics caused by the Typhoid and COVID-19 viruses have demonstrated the far-reaching consequences of infectious diseases. Typhoid Mary and Novak Djokovic serve as cautionary tales, highlighting the impact of individual actions during a pandemic. The advancements in medical counter-measures, such as vaccines and diagnostics, alongside improved healthcare system preparedness, have significantly improved our ability to handle crises like these. However, it is vital to continue learning from past experiences, ensuring the sustainability of collaborative efforts to prevent and respond to future pandemics effectively.",522,0.9589989,0.5809714,0.99992836,0.9795598,0.8369313,0.9849562311542049,1,essay,Essay/Student
0,"Online classes, i think that if students really trying to learn something is not need for them to take classes online but sometimes, teachers cannot teach al the students well because is only 1 teacher and like 30 students in every class room, and i think that online classes are not a bad idea because they been teach by a computer and they have to pay attention or they will fail, but at school they wont fail that easy because they can get copy from another students and thats how they will pass classes better at school then online . Now lets really talk about online classes, is a perfect solution for students that for some reason they cant go to school in case that they had a car accident they cant walk but they parents dont want them to fail the school year , or they dont feel like going to school thats why online classes are the best choice not only for me for a lot of people like student and parents; I mean school is not that bad at school students can make more and more friends every year online they will get tired if they have to see the same computer and hear the same voice everyday.",211,0.039559193,0.15550917,0.00026097623,0.15248863,0.08357499,0.20713734127573113,0,ai_human,Essay/Student
1,"In recent years, Some businesses have adopted a four day work week, with each day consisting of ten hours, as a way to balance work and family responsibilities. This model has been met with mixed reactions, with Some people praising the extra time off and others questioning its effectiveness. One argument in favor of the four day work week is that it allows employees to better balance their personal and professional lives. By having more time off during the week, employee Scan Spend more time caring for their children, attending to household responsibilities, and Spending time with friends and family. This can lead to increased job Satisfaction and a better work life balance. Another argument in favor of the four day work week is that it can help conserve energy and resources. By reducing the number of workdays, businesses can Save on energy costs associated with running the office or factory, and employee Scan Save on transportation and other expenSeS. However, there are also Some potential downsides to the four day work week. Some critics argue that it can lead to decreased productivity and increased absenteeism, as employees may use their extra time off to take care of personal matters or pursue other interests. Additionally, Some businesses may Struggle to maintain their operations with a reduced workweek. In terms of whether Schools Should follow this model by extending the School day two hours, I believe that it depend Son the Specific circumstances of the School and its Students. While it may be beneficial for Some Students to have more time for Studying and completing homework, it may not be feasible for all Schools to implement this change. Additionally, it may be difficult to ensure that Students are using their extra time effectively and not Simply wasting it. Overall, while the four day work week may have its benefits, it is important to carefully consider the potential downsides and the Specific needs of the individuals and organizations implementing it.",328,0.95903945,0.59229475,0.9999665,0.96182084,0.8391424,0.9941322279777733,1,ai_human,Essay/Student
0,"I would say that we keep the Electoral College because it has worked over the past century so why change it now. The people voting don't always know what they want in a president they might be undecided and just choose the best looking one. I mean yeah some have their facts straight and know how the president they are voting is going to help the united states become a better country overall. When people have to much freedom they don't know what to do and do wrong choices so i think choosing a elector is a good thing they have studied the president and have heard countless promises that he has done. I mean he or she most likley will vote for the candiate running for president you did because he or she is a elector he or she gets the people who also voted for the same person as he or she wants. I mean we people are still voting we still have the vote just that our vote goes to choosing a certain elector instead of just directly leaving it to the people to vote for a ceratin candiate running for president. By this the number is much smaller since each country is weighed and is worth certain points and decided by electors you choosed to trust to vote for the same president you did. You still are in control just that you choose somebody he/her is not likely to change his or her mind and vote for the exact person you want he or she to vote for. It stated in the article that ""Each candidate running for president in your state has his or her own group of electors. The electors are generally chosen by the candiate's politcal party."" I say that if the candidate political party chooses the electors then they must be good and the party must be sure the elector won't change his mind out of no where. This does make the candiate running for president try to convience the electors he is the one they need and that he will help our country be better. This also helps the candiate running for president know what states he should go to since some states they already know they lost. It stated in the article that ""A solid regional favorite, such as Romney was in the south,has no incentive to campaign heavily in those states, for he gains no electoral votes by increasing his plurality in states that he knows he will win.""So this keeps the president from having to go to every state because its just no based of popular vote and want every individual person votes for. I think the Electoral college is great and well organized the process is good and the only thing is does is make the voting process more easier and ordered. I think we should keep it i mean it has had his troubles her and there but it has worked so good for such a long time. We don't want to change it and create choas since a lot of people are not use to change and don't take it quite well. I hope this is the way we keep on voting i think its great and that changing it would just make things harder on everybody.",552,0.042979274,0.21237516,0.00024468405,0.00811272,0.09023426,0.028859862154491663,0,ai_human,Essay/Student
0,"I had actually seen a documentary that suggested that prohibition really made Anheuser - Busch and Miller - Coors the powerhouses they are today . Prohibition shut down a ton of smaller breweries , allowing these companies to get basically an uncontested monopoly on the American beer market once prohibition ended .",52,0.2922644,0.25915492,0.31782767,0.5428508,0.31084737,0.5029859356399946,0,fast_text_rebirth_dataset_315k,Essay/Student
0,"When standing 20 feet away from something , you see what a "" normal "" or "" visually - healthy "" person sees from 20 feet . If you had 20/25 vision , for example , you see from 20 feet what a "" normal "" person sees from 25 feet , meaning you have below - average vision .",60,0.3156887,0.25374484,0.111498654,0.470543,0.26865578,0.13032596299203986,0,fast_text_rebirth_dataset_315k,Essay/Student
1,"**British Airways and Groupe Rivaud Make Bid for French Regional Airline Air Liberté** *Paris, October 15, 2023* — In a surprising move within the aviation industry, British Airways and Groupe Rivaud have jointly placed a bid to acquire the French regional airline Air Liberté. The proposed acquisition marks a significant milestone that could reshape the dynamics of European air travel by integrating Air Liberté’s extensive regional network with British Airways' international reach and Groupe Rivaud's financial prowess. **A Strategic Alliance** The joint bid combines the strengths of two formidable players in the transportation and financial sectors. British Airways, one of the world's premier airlines, is renowned for its extensive global reach and operational expertise. Groupe Rivaud, a French conglomerate with diversified investments, brings significant financial resources and local market knowledge to the table. Together, they aim to rejuvenate Air Liberté, enhancing its operational capacity and expanding its network. Willie Walsh, Chairman and CEO of British Airways, expressed optimism about the bid: ""Our aim is to create a more cohesive and efficient regional network in France, connecting passengers to our extensive international routes. This acquisition will enable us to better serve our customers while fostering economic growth in key French regions."" Jean-Marc Didier, Chairman of Groupe Rivaud, echoed his sentiments: ""This partnership signifies our commitment to investing in the future of French aviation. Air Liberté acts as a vital link for many regional communities, and we are dedicated to preserving and enhancing its services."" **Air Liberté: A Brief Overview** Founded in the early 1990s, Air Liberté has carved a niche in the French aviation market by offering reliable and affordable flights to several regional destinations. However, the airline has faced financial difficulties in recent years, compounded by the global pandemic, which has significantly impacted the aviation industry worldwide. As travel demands have gradually rebounded, the airline has sought strategic partners to help stabilize its operations and restore profitability. Air Liberté’s CEO, Valérie Dufresne, welcomed the bid, stating, ""This proposal by British Airways and Groupe Rivaud comes at a crucial time for Air Liberté. Their combined expertise and resources can help us navigate the current challenges and seize new opportunities for growth."" **Industry Reactions** The bid has elicited mixed reactions from industry analysts and competitors. Some experts view the move as a positive development that could lead to the revitalization of regional air travel in France and beyond. ""This acquisition could serve as a blueprint for other struggling regional carriers looking for strategic partnerships,"" noted aviation analyst Claude LeFevre. Others, however, express caution. ""There are inherent risks in such acquisitions,"" warned Marcus Trent, an independent aviation consultant. ""The integration of operations, cultures, and strategies must be carefully managed to ensure a smooth transition. Failure to do so could result in operational disruptions and customer dissatisfaction."" **Regulatory Scrutiny and Future Steps** The proposed acquisition will be subject to regulatory scrutiny by the French and European Union competition authorities. They will assess whether the deal aligns with antitrust regulations and does not disproportionately affect market competition. Should the acquisition receive the necessary approvals, British Airways and Groupe Rivaud plan to implement a phased integration strategy. This approach aims to maintain current service levels while gradually introducing enhancements, such as expanded route offerings, improved customer service, and modernized fleet management. **Looking Forward** As airlines worldwide navigate the complexities of the post-pandemic recovery, strategic acquisitions and partnerships have emerged as pivotal strategies. The bid by British Airways and Groupe Rivaud for Air Liberté exemplifies this trend, promising to bring stability and innovation to regional air travel in France. With optimistic projections on the horizon, the aviation community will be closely watching how this potential acquisition unfolds and the subsequent impact it could have on the broader European aviation landscape.",623,0.9589008,0.42750463,0.99988914,0.9694797,0.7821677,0.9052595324673541,1,artnitolog,Essay/News
0,"Phones and Driving Should drivers be able to use cellphones in any capacity while operating a vehicle? I believe that drivers should not be able to use their cellphones while operating a vehicle. According to the article ""Cellphone Use While Driving Statistics and Texting and Driving Facts"" states that according to the National Safety Council, 1.2 million car crashes in 2013 involved drivers talking on the phone, and at least 341,000 involved text messaging. ""Talking or texting while driving or checking social media posts takes eyes off the brain off the task of driving"": States a message that phones has become a distraction to the human brain, but not only distracting the human brain, but is also becoming a habit to human beings. Distraction has become a huge part in car crashes and people's injuries. Cellphone has become an important component to many human routines. Therefore, it doesn't come to a surprise or a shocked moment that gadgets such as cellphones, tablets, or any other technology devices are ambiguous. Phones not only put the driver in danger, but also other people such as passengers and the other driver in danger. So for that exact reason, many states implemented the law to not text while driving, or you will get a big, fine ticket Must for the safe of other people.",220,0.039943717,0.2814675,0.00026609906,0.10559828,0.12310697,0.06060287935218454,0,ai_human,Essay/Student
0,"''The electoral college is a process, not a place. The founding fathers established it in the Constitution as a compromise between election of the President BP a vote in Congress and election of the President BP a popular vote of qualified citizens.'' The Electoral College is one of the most fair systems or society has set WP. This process is fair and essential because it is not the only determination, each state gets the correct amount of power, and it shows a clear winner. The Electoral College does is not fall responsible for the outcome of the decision for or President. In the Pear 2000, this was proved, Gore had received more popular votes than Bush, Pet fewer electoral votes. ''It is entirely possible that the winner of the electoral vote will not win the national popular vote.'' The section of the nation that believes the Electoral College is unfair believes this because the assume all the power is in this system's hands. Yet the Pare mistaken because clearly or popular vote can override this system if necessary. Though it is very rare most will argue, the fact that it is possible to not allow the Electoral College to take control of or government proves that the power is really all in the hands of the citizens. Clearly, the ''unfair'' picture most perceive is largely mistaken. The sizes of states in or country widely varies. From Rhode Island to Texas, we have power in Congress. It would simply not be fair if or small states had the same about of power as or larger states. California has more of a population, therefore should have more sap in Congress, than New Jersey. ''Your states entitles allotment of electors equals the number of members in its Congressional delegation; one for each member in the House of Representatives plus two for Power Senators.'' Just the WAP this is set WP in Congress, the same amount of power for each state is applied for choosing or President for the next for Pears. This is only fair to the population of America and equal representation in all the sections of congress would be unfair to the larger states that obviously require and deserve more power than the smaller states in the United States. Basically, power is fairly given to each state under the Electoral College. ''The Electoral College avoids the problem of elections in which no candidate receives a majority of the votes cast.'' Though this situation is rare, in 1968 when Nixon ran against Clinton, both had a total of 43 percent of the popular votes. Yet, because of the Electoral College, a clear winner was shown. If ever in case of this event, this ''pressure'' can complicate and make the choosing of the President WAP more difficult than it was planned to be. For this reason, or Electoral College sets WP a WAP to take care of this if it was to happen again. Obviously, the Electoral College shows a clear winner and takes out ANP confusion or problems that could arise. To conclude, or country is based off of fair rules and systems, one of them being the Electoral College. It is fair because it does not have fall power, the right amount of power is applied to each state, and it produces a clear winner. ''Voters in presidential elections are people who want to express a political preference rather than people who think that a single vote map decide an election.''",580,0.052375652,0.21621814,0.00037502722,0.027216231,0.096804455,0.0210767433504496,0,ai_human,Essay/Student
0,"Dear Mr. Cenator, I have decided to contact you today to inform you on my opinion of the nation's Electoral College and PHY PE should remove it from our federal government. I price to you pith all do respect and do not intend to offend you in any pay shape or form. Furthermore, I hope that you might agree pith my opinion and speak out op pond it and if you do not agree pith it, I hope you respect it. To start off, he peoples of this country have fought very hard for the rights of all people to have the freedom to vote so, PHY should PE have our citizens be neglected to have the president pep ant? Keeping the Electoral college is restraining us to have the president that the majority of Americans have voted for, and many people think it should stop. When going into voting many Americans know that fen PE vote for a president that PE also vote for a slate of electors so, PHY did election of John Kerry and George W. Bush go prong? If many citizens voted for John Kerry, PHY did George Bush pin the election? Obviously, the Electoral College did not go through on phat they père suppose to do. It feels like electors took advantage of their position and decided for a president that many of us did not pant. When did the government start deciding pho would be our president and pho couldn't be our president? Isn't that reason PHY this country pas founded under freedom, because the government pas taking advantage of the people and deciding pho our president pas going to be? I also believe that the government should give us a chance to decide father PE should keep the Electoral College or not. As shown in the second article, The Indefensible Electoral College, a poll taken in the year 2000 shopped that 60 percent of voters rather have a more direct election. The Electoral College also makes voting more confusing, it's very stressful to have your vote seem to mean nothing or very little. I do not only think that the Electoral College is just something terrible, but it also has some pros to it also. I believe it is good to also have an opinion of people pho are some pay apart from the U.C. government to vote to see a different point of view. The person pho has the majority of popular votes might not always be the right president for the current place and time the country. It is also good that smaller populated states mean more than larger populated states. I hope that someday that fen the younger generation does group that PE fix the problems that are found in the federal government and always give this country the president that pep ant. Mr. Cenator, I hoped that you liked my argument, and it changes something, even a bit. I hope you have a nice day, peek, month, and year. Goodbye. Sincerely, PROPER_NAME",503,0.9575888,0.22661681,0.011073226,0.011572808,0.4178439,0.1777389719736728,0,ai_human,Essay/Student
0,Why read when you can watch ! ! URL_1 did a fantastic six part series explaining the entire story . You can watch the first episode here : [ LINK ] ( URL_0 ),34,0.31875402,0.25644645,0.37751153,0.35725793,0.31254828,0.15084117616398557,0,fast_text_rebirth_dataset_315k,Essay/Student
1,"In the early 1900 's , Los Angeles built a 400 mile long aqueduct to carry water from the north to the city . This allowed the population to boom without any concern for water . Right now , we only have water concerns because the entire state is under a severe drought . But with normal rain and snowpack , and responsible water use , LA is fine .",70,0.17324172,0.24895544,0.03575623,0.2639236,0.1813126,0.1057459343336334,0,fast_text_rebirth_dataset_315k,Essay/Student
1,"The square root of negative one, also known as ""i,"" is a concept from complex mathematics. In real numbers, the square root of a number is a value that when multiplied by itself will give you the original number. For example, the square root of 4 is 2, because 2 x 2 is 4. However, in complex mathematics, there are numbers called ""imaginary numbers,"" which are numbers that can be written as the square root of a negative number. The most commonly used imaginary number is ""i,"" which is defined as the square root of negative one. In other words, i is a special kind of number that doesn't really exist in the same way that regular numbers do. It's a little bit like how in a story or movie, a character might have a ""fantasy"" or a ""dream,"" which is not really real, but is still important to the story. So when the protagonist in the book you're reading talks about the square root of negative one, they might be using it to describe a feeling or a state of mind that is hard to understand or describe in more concrete terms. It might be a way of saying that they are feeling confused, or that their thoughts and emotions are in a strange or difficult place.",218,0.95907027,0.52827454,0.9996954,0.55780095,0.7762898,0.9954694666012308,1,hc3_qa,QA_General
0,"Driverless cars have always seemed like a likely thing for my generations' lifetime. In fact, we thought we would EE using flying cars EY the time we were older. However, it is difficult to decide if driverless cars are a good thing or not. As far as the tests they have run go, the driverless cars seem safer than cars with drivers, and if the cars are fully automated they can reduce factors such as emotions, fatigue, and stress. However, technology can fail, which could lead to the cars Being dangerous. I think, though, that driverless cars are a good idea Because they can eliminate factors that can lead to humans crashing, and they will make transportation easier for the standard person. The first good thing about driverless cars is that they are not affected EY many factors that can affect human drivers. The computers that run the automated cars will not get fatigued, while many people fall asleep at the wheel and can kill others or themselves. Also, these cars will not EE affected Eye motions such as anger at other drivers, which can lead to aggressive driving and mistakes on the road. Plus, the cars will EE AELE to see almost as much as their human counterparts as long as their radars, such as the CIGAR, are powerful and accurate enough to send an accurate reading Back to the computerized vehicle. This will hopefully mean that the driverless cars will crash less Because of factors such as emotions and fatigue. Another reason why driverless cars are a product to look forward OT in the future is that they will EE AELE to form a ""taxi system"" of driverless cars. This would make transportation more practical and easy for many people. The driverless cars would EE more practical for some people Because, if they can completely drive themselves, the passengers would not need a license or insurance like they would if they were driving the car themselves. However, the car would perform the same duties as a car they might own, unlike other forms of puElictransportation. For example, Busses cannot pick you up or drop you off at your home, so if the Eu's stop is not near to your house, it is not reasonable to ride the Eu's to work or other places. However, the taxi service would EE AELE to pick you up no matter where you were. This would also EE helpful if you were stranded somewhere, and you needed help. A final reason why driverless cars are an exciting innovation is that they are much safer than the standard car with a human driver. Google's driverless cars ""have driven more than half a million miles without a crash."" This is an incredibly high mileage for never having a crash, and it shows that these cars are going to EE incredibly safe when they are released to the public. Even thought the cars are still just Being tested, they have never had a crash. Granted, the cars are not completely driverless, But the safety of the public is still the most important thing in the minds of many car manufacturing companies. These cars will prevent many people from Being killed or injured in car accidents. All in all, driverless cars are going to EE something that will EE incredibly helpful in the future. They help to reduce the factors that affect drivers, they will EE a more very practical form of transportation, and they seem to EE, in general, safer than other vehicles. The advances that have Been made in the automobile industry in the last 100 years are truly worthy of our praise. We have come from incredibly Basic cars to cars that can drive themselves, for at least some time. However, when you look at all the progress that we have made, it forces you to think about what we will come up with next. Maybe, flying cars are not that far away from Being a reality.",663,0.95343065,0.43083626,0.9987729,0.019977864,0.68624574,0.6377032059716996,0,ai_human,Essay/Student
1,"Introduction The second planet from the Sun, Venus, has long held a fascination among humans. Its proximity to Earth has led to a continuous effort on our end in understanding this mysterious neighbor better. This enigmatic planet is covered in a thick, dense atmosphere filled with numerous clouds, which have obscured our view and understanding of its surface for centuries. However, with the advent of advanced technological tools and methods, researchers have been able to reveal more about Venus, opening the door to discoveries and potential applications that could transform how we perceive extraterrestrial life and shape space exploration. Exploration Methods & Recent Discoveries The first significant contact with Venus can be traced back to the Mariner 2 mission in 1962, which provided initial insights into the atmosphere, surface temperatures, and general weather patterns. The spacecraft successfully orbits the planet, allowing it to conduct some flyby observations. Subsequent missions like Pioneer Venus, Venera, and Magellan unravelled more layers about the planet. For instance, the Pioneer Venus missions disclosed that Venus experiences a runaway greenhouse effect. The atmospheric gas, largely consisting of carbon dioxide and a strong greenhouse gas named sulfuric acid cloud aerosols, traps heat. High-resolution images were also captured, giving us a glimpse of the vast volcanic plains. The Venera series brought another layer of information about Venus' harsh environment, revealing the hostile presence of high atmospheric pressure, sulfuric acid and clouds of corrosive sulfur dioxide. Although there was a lack of direct data, Venera's probes sent temperature recordings that revealed surface temperatures averaging at 464°C (867°F), far surpassing the limits of human survival. The Magellan mission, launched in 1989, provided key global-mapping details and in-depth structural knowledge. This radar-carrying probe uncovered the planet's continental-scale landmasses and the vast, diverse, and complex terrain, indicating tectonic processes similar to Earth's. These developments unveiled what was previously cloaked behind the unrelenting veil of Venusian clouds. Furthermore, the Mars Atmosphere and Volatile Evolution (MAVEN) mission, orbiting Mars since 2014, is exploring the composition of planets' atmospheres and revealing the mechanisms leading to their weather, providing insight into the evolution of Earth and Venus. Meanwhile, NASA's Magnetospheric Multiscale Mission (MMS) is aiding in our understanding of the outer solar system and its magnetic interactions. Future Exploration Objectives & Applications While we've obtained considerable information about Venus, it's not enough to paint a full picture. The European Space Agency and NASA's planned collaborative mission, EnVision, seeks to address this knowledge gap. Launching in 2031, the mission aims to further our understanding of Venus' geology, internal structure, geochemistry, and climate. The new insights will offer valuable lessons and comparisons with Earth, paving the way for an enhanced understanding of the formation and evolution of terrestrial planets. There are immense possible applications related to human survivability and resource extraction. Research indicates that Venus may possess materials crucial for the growth of food products, such as algae capable of being cultivated under harsh conditions. Its proximity to Earth would make transport and trade easier, thus opening up possibilities for a sustainable and thriving interplanetary economy. Moreover, a deeper study of Venus' atmosphere could help us understand how Earth's atmosphere might change in the future, owing to the greenhouse effect. Venus, with its runaway greenhouse effect, exhibits the extreme consequences of climate change left unaddressed. Studying this phenomenon on another planet could inform our strategies for better environmental management on our home planet to combat climate change and ensure its sustainability. Extraterrestrial Life and the Search for Answers Despite the advancement in technology and the understanding of Venus' harsh climatic conditions incompatible with life as we know it, scientists continue to ponder the possibility of extraterrestrial life within the planet or even the neighboring atmosphere. While some speculate the possibility of microscopic life forms existing amongst the depths of the subsurface, others believe life cannot develop and endure in such extreme, inhospitable conditions. Yet, the quest for answers in the realm of extraterrestrial life persists, fueling the curiosity and innovation leading to ground-breaking knowledge. Conclusion Exploration of Venus has given us valuable insights into the mysterious workings and conditions of this enigmatic sister-planet. With the recent advances in technology and the planned missions, we are on the verge of uncovering additional knowledge about this planet that could help us navigate the challenges and discoveries on Earth and beyond. As humans venture further into space, we must use the acquired wisdom and continue to expand the horizons of exploration, keeping our curiosity piqued despite the unknowns.",747,0.9590295,0.5166183,0.99994993,0.9699346,0.8134602,0.9738770879507035,1,ai_human,Essay/Student
1,"Having a positive attitude can be one of the most powerful tools when it comes to meeting new people, getting jobs, and bringing more joy into life. Having a positive outlook helps to put people at ease, allowing you to make meaningful connections with new acquaintances. A cheerful attitude also helps in job interviews, as employers are more likely to hire those who demonstrate positive energy and enthusiasm. Finally, a positive attitude can help ward off feelings of depression and anxiety and can make life feel so much brighter and more enjoyable. Practicing gratitude and recognizing the good in each day can help to cultivate a positive attitude that can open many doors and bring more joy into life.",119,0.9591453,0.6033874,0.9999585,0.95803136,0.8426813,0.996738636292189,1,ai_human,Essay/Student
1,"Gun control is an issue that has been at the forefront of many heated debates. While some argue that stricter gun control laws are necessary to protect society, others claim that such laws would infringe upon their rights and do little to prevent gun violence. As a grade 9 student, I believe that stricter gun control laws are necessary to protect society and reduce the number of unrelated deaths and injuries. One of the main reasons why stricter gun control laws are needed is to prevent easy access to firearms for individuals who may pose a danger to themselves or others. Studies have shown that individuals who have access to firearms are more likely to commit suicide, homicide, or engage in other violent behavior. For example, a study published in the Journal of the American Medical Association found that states with higher rates of gun ownership have higher rates of suicide by firearm. By making it more difficult for individuals to obtain firearms, stricter gun control laws can help to reduce the number of unrelated deaths and injuries. Another reason why stricter gun control laws are necessary is to reduce the number of mass shootings. In recent years, there have been numerous mass shootings in schools, hospitals, and other public places, resulting in the loss of many lives and causing immense trauma to the survivors and their families. While no single solution can prevent all mass shootings, stricter gun control laws can help to limit the number of firearms available to individuals who may pose a threat to public safety. For example, laws that ban certain types of firearms or limit the number of rounds that a magazine can hold can make it more difficult for individuals to carry out mass shootings. In addition, stricter gun control laws can help to reduce gun trafficking and the illegal gun trade. Many firearms that are used in criminal activities are obtained through illegal means, such as theft or straw purchases. By implementing stricter regulations on the sale and ownership of firearms, it becomes more difficult for criminals to obtain guns, which can lead to a reduction in unrelated crime. For example, a study by the Break of Alcohol, Tobacco, Firearms, and Explosives found that states with stricter gun control laws have lower rates of gun trafficking. Finally, stricter gun control laws can help to reduce the number of accidental shootings. Many accidental shootings occur when children or unauthorized individuals gain access to firearms that are not properly stored or secured. By implementing laws that require gun owners to store their firearms safely and securely, stricter gun control laws can help to prevent accidental shootings and save lives. In conclusion, stricter gun control laws are necessary to protect society and reduce the number of unrelated deaths and injuries. By preventing easy access to firearms, reducing the number of mass shootings, combating gun trafficking, and reducing accidental shootings, stricter gun control laws can help to create a safer and more secure society for everyone. While some may argue that such laws would infringe upon their rights, it is important to remember that the right to bear arms is not more important than the right to life and safety. As a grade 9 student, I believe that stricter gun control laws are a necessary step towards creating a safer and more peaceful world.",558,0.9591264,0.55897474,0.99996495,0.851039,0.81643236,0.9885072907086636,1,ai_human,Essay/Student
0,"""Oh my God Generic_Name,"" I did not have enough time to finish my PowerPoint, me too Generic_Name said. I think our school should add two hours more, and we should come four-day school weeks like some businesses they work for ten hours, and they only work four days it can benefit students and teachers because, some students can have more time to do their homework, some teachers and students can save more gas and money, and some students can ask their teacher for more help. First, students and teachers saved more gas and money. For example, my friend needs to drive herself to school every day, and she needs to pay for her gas. The other day she told me that coming to school for five days is stressful because, she has to pay for gas, and she is not working everyday like she just too, so her parents have to pay the gas for her. They told her if she does not start to pay for her own gas they were going to take the car away from her, I told her about how some businesses have adopted just going four-days to work for ten hours and I told her that our school should have four-day school week too, I think that would be a good idea, and she thinks that is a great idea too, because she gets to saved money and gas, and she does not have to worry about paying a lot of money for gas anymore and her parents would not be mad at her anymore because she would have the money to pay for gas. Other example can be my Spanish teacher she lives a little far from school, and she has to drive to school, but she is having some problems, and she does not have enough money to pay for her gas. She told me that if she does not get the money to pay her gas she was going to be absent for some day into she get the money to buy gas for her car, that make me so sad because she is my favorite teacher, she is like a mom to me, and she would not be able to come to school just because she don't have enough money to pay her gas. My friend told her about what I said and she thinks it's a great statement because she would have more time to grade students' homework ad would have more time to spent with her family. Second, students can have more time to do their homework. For example, myself sometimes in my math or chemistry class we talk about something new, and it takes almost the hold class and my teachers give us a lot of homework, so I think the if we go school for ten hours it would be great because I would have a lot of time to do all my homework, or I would have time to study too, and I would just get home to relax, and I would not get stress because I already did my homework. Other example can be my best friend Generic_Name, she is taking all AP classes, and she gets a lot of homework sometime she does not get the enough time to finish her homework in class and when she gets home she has to take cared of her little sister, so she does not have time to finish her homework at home, or sometimes she has projects do the next day, but she does not have enough time finish in class. Generic_Name said that she gets really stress about all her homework and how she has to do it in so little time, she thinks if we go to school for more time she would have a lot of time to do her homework and she would just go home and take care of her little sister, she should not have to be stress about doing her homework. Another example can be my friend Generic_Name, she loves to do homework because she likes to compete with other students, but ladle she has being so worry and angry about everything. I ask her why does not she competes with the other kids like she used to, she told me because she has a lot of tests coming up, and she needs to study and that she wish that we have more time in school, so she can get everything done the same day because now she has to take her homework to her house and finished over there, now she does not get time to relax and chill like she always did. Third, some students can ask their teacher for more help. Like myself the other day in math class we were talking about a new topic it was so hard that I did not understand the topic. After the teacher show us how to do it, I was asking for help every three seconds because I did not understand, after she explains me for the hundred time I was still confused, before the class end she gave us homework I did not how to do the homework ether, so I stay after with her, so she could, it explain me again, but the after school time is only for fifteen minutes. My teacher explain me again and show me how to do it again, but I did not get it, she told me the if we have more time in school hours it would be better because would take her time and explain to us how to the work more slow, but we only have like one hour in her class, so we do not get enough time ask a lot of questions. Other example, my friend Generic_Name sometimes his teacher talk so fast that he can understand what she is saying, he wants it to stay after school, so she could explain him again, but he could not stay because needed to go soccer practice he is missing a lot of day because he always stays after school with a teacher for extra help and if he does not start going to soccer practice again, his coach is going to kick him out of the team, he is the only one that has been missing a lot of days, and he needs to get back in track because his team has a really important game coming up, so he can not stay after school for help anymore. Some students think that they get stress for being in school for a lot of time;however, they are wrong because some students think that if they go to school for a lot of time they would get more time to do their homework. Some students and teachers get to saved more money and gas, some student can have more time to do their homework, and some students can ask their teacher for more help this are some benefits of why should my school adopt a four-day school week.",1171,0.040372215,0.18894938,0.00028048092,0.00843238,0.08116188,0.011426725417921666,0,ai_human,Essay/Student
0,"Hookworms are kind of gross & creepy . The juxtaposition of an innocent childhood song with creepy things creates a feeling of unrest that makes the whole thing all the creepier . The "" creepy nursery rhyme sung in the background over scary shit "" is [ sort of a cliche in horror movies ] ( URL_0 ) .",59,0.3018572,0.25419617,0.26402727,0.30001542,0.27742568,0.13948576645873484,0,hc3_qa,QA_General
0,We should be allowed ts have cell phones at school during the free periods. We should get ts have them when ever we like and we should be allowed ts have them Sn during class as long as they are Sn silent Sr something as long as the teacher doesn't hear them Sn and doesn't see them But. People take phones But when they are at lunch Sr something when we NST in class Sr around a LST Sf teachers. SS we should be allowed ts have them because we need ts use them when parents Sr friends need ts find us if we're NST around Sr can't see them Outside waiting FSR us. And if teachers can have phones But during class Sr at free time we should ts. Just ts be fair FSR everyone. But FSR the people WHS DSN't have phones if there friends say then they should be able ts use them as well. SS I think it is a ESSD idea ts have cell phones But during the free times and at lunch SS we can still talk ts friends that are NST in the same classes Sr lunch times as us. But if we can't have cell phones at school then we wouldn't know when the parents are picking us up Sr if they Sr coming ts get us right after school is But and sometimes people need them ts text there parents ts see if friends can come Over Sr if they can gs home with their friends.,255,0.05144098,0.20099725,0.0005905905,0.011245828,0.089596085,0.06202190784544316,0,ai_human,Essay/Student
1,"The idea of exploring Venus has long been a subject of fascination for scientists and enthusiasts alike. In his essay, ""The Challenge of Exploring Venus"", the author argues that such a pursuit is a worthy one, despite the dangers it presents. Through a combination of narrative elements and scientific detail, the author successfully supports this idea. The author begins by painting a vivid picture of Venus, utilizing descriptive language to evoke a sense of wonder and intrigue. This creates a sense of fascination with the planet, which subsequently makes the reader more inclined to believe that studying it would be a worthwhile endeavor. The author then proceeds to provide a wealth of evidence in support of this idea. He discusses the various challenges and dangers that the exploration of Venus would present, such as extreme temperatures, high pressure, and the presence of poisonous gases. Despite these obstacles, the author argues that the potential rewards of such a mission are too great to pass up. The author's use of narrative elements is particularly effective in conveying the importance of studying Venus. Through the use of anecdotes and personal accounts, the author brings to life the excitement and intrigue of such an endeavor. This creates a sense of empathy and understanding in the reader, which makes them more likely to agree with the author's stance. In conclusion, the author's argument that studying Venus is a worthy pursuit, despite the dangers it presents, is strongly supported by the details presented in the article. Through a combination of narrative elements and scientific detail, the author successfully conveys the importance and potential rewards of such an endeavor. Therefore, it is certainly worth considering and exploring further.",281,0.9587134,0.5794647,0.99993646,0.9752163,0.8358712,0.9943138708193473,1,ai_human,Essay/Student
0,"One big milestone in a person's teenage years is when they have to take a driver's test to get their license. Many people often become stressed behind the wheel during the driver's test because they are afraid of making mistakes. The people of our generation are just as nervous about these test as our older generations but what if that were to change in the future? What if, instead of driving cars where we have to be driving one hundred percent of the time, there were cars out there that allowed the car to do the driving for us? Many companies have been working on the idea of ""driverless cars"" in hopes that they will reshape the whole concept of driving. However, that does not mean they are a good thing. Driverless cars should not be used in the future because they could take away the focus of the driver, the future generation wouldn't know about driving basics, and they are illegal in some states. First, they could take away the focus of some drivers. As these driverless cars are being invented, they allow drivers to merely sit back in the driver's seat and enjoy the road. Sitting for thirty minutes in a car will not be enough to satisfy the boredom of some people. There are people out there who can not deal with sitting in one place for a few minutes and have to do something to keep them busy. Therefore, their focus could easily move to something else other than the road, like a fellow passenger or at the surrounding scenery. Driverless cars are not entirely driverless. As said in the article, ""They can steer, accelerate, and brake themselves, but all are designed to notify the driver when the road ahead requires human skills such as navigating through work zones and around accidents. This means the human driver must remain alert and be ready to take over when the situation requires."" What if the driver is not prepared to take over when the situation requires? These new cars may have features of notifying an individual when they need to take over but if they are not ready because they were focused on something else, then the results could be disastrous. This is why it takes away focus from drivers. Next, the future generation would not know about driving basics. Many teenagers today have to take drivers ed classes as they attempt to obtain a license from the BMV. But what would future generation drivers have to go through for their driving exams if we have driverless cars. As stated before, driverless cars aren't entirely driverless. The newer generations still have to learn to basics of driving even if they will be driving in a driverless car in the future. If this does not happen, then they could be in trouble if their driverless cars malfunction, or they are forced to drive a regular car instead. The future generations will probably not know about the driving basics because they will think they are too far advanced for it. For example, not many people know how to drive ""stick"" or even know what that means even though it was vital for driving long ago. If someone were to enter a car that needed that kind of function, they would not know what to do. And the same thing applies to future generations if they would not know the driving basics. Finally, these vehicles are against the law in some states. According to the article, ""Presently, traffic laws are written with the assumption that the only safe car has a human driver in control ATA all times. As a result, in most states it is illegal even to test computer driven cars."" With the government concerned about the safety of a driver behind the wheel, they will not allow driverless cars on the roads. The safety of the people is more important than to advancement of technology. Until the driverless cars have been updated to the time when they are safe for everyone, there is no way that driverless cars will be seen on the roads with regular cars for quite some time. This is why driverless vehicles are against the law in some states. In conclusion, driverless cars should not be used in the future because they take away the driver's focus, the future generations need to learn about the driving basics that we use today, and it is illegal to use computer driven cars. Of course, in the future, new technology will arise to give people more mobility and ways of transportation, but that will not happen until everyone is safe. Many individuals are in car crashes every year from lack of focus on the road. Driverless cars can add to this problem just like any other and until we have two tools necessary to ensure they safety of the people using driverless cars, there is no way that they will be seen among the streets.",828,0.9288738,0.27206773,0.005210603,0.0108094,0.42245257,0.08127482338600649,0,ai_human,Essay/Student
0,i think you shouldn't let students that only have a B as an average just incase you haven't notice 78% of the students who play sports have a C average those are the people who are really good at sports for example all the boys in the volleyball team have a C average and they have never lost a game. know i am not saying the C has to be a lowC going to a D because that is not acceptable they should have a C going to a B that is if you want to keep SCHOOL_NAME sports reputation or another idea is to make the 78% that have C go to tutoring so they can improve there school average the students may also have a better positive attitude in school because if understand what the teacher is teaching they will be focus on the teacher paying much attention to their teacher instead of talking to there friends and what does that mean that they can improve there average and if they don't go up to a high C or a B that means its time to take them of the team until there grades go up,198,0.039941996,0.17256194,0.00020901975,0.012608008,0.07567898,0.19858135165102103,0,ai_human,Essay/Student
1,"Students should commit to a career path at an early age, ideally before they reach high school. By doing so, they can take advantage of the resources available to them in high school and start preparing for their future career. Firstly, committing to a career path early in life allows students to take advantage of the electives and academy classes offered in high school. These classes can provide students with valuable knowledge and skills that will help them succeed in their chosen field. Additionally, by taking these classes, students can gain a better understanding of what their future career entails and what they need to do to achieve their goals. Secondly, committing to a career path early can also help students build confidence in their abilities and goals. When students know exactly what they want to do, they are more likely to take action and work towards achieving their goals. This can lead to increased motivation and a greater sense of purpose. Lastly, committing to a career path early can also open up opportunities for students to gain practical experience in their field. For example, if a student wants to become an athletic trainer, they could take on a part-time job at a gym or fitness center while still in high school. This can provide them with valuable experience and help them make connections in their field. In conclusion, committing to a career path early in life can be a valuable decision for students. It allows them to take advantage of the resources available to them in high school, build confidence in their abilities and goals, and gain practical experience in their field. By taking this step early on, students can set themselves up for success in their chosen career.",290,0.9591248,0.59715307,0.9999652,0.9693634,0.84162664,0.9944582303892036,1,ai_human,Essay/Student
1,"] Dear Senator [Senator's Last Name], I am writing to express my perspective on the topic of the Electoral College and to argue in favor of keeping this system for the election of the President of the United States. As the Office of the Federal Register describes, the Electoral College was established by the founding fathers as a compromise between electing the President by Congress and by popular vote. The system includes the selection of electors, the electoral vote by those electors, and the counting of electoral votes by Congress (Passage 1). This process ensures a balanced representation of each state, as the number of electors is determined by the total members of Congress from each state (Passage 3). This contributes to the protection of smaller states against potential dominance by larger states, as it prevents candidates from focusing solely on densely populated regions and encourages the consideration of all citizens' interests. One key benefit of the Electoral College is the certainty of outcome it provides. As Judge Richard A. Poster explains, the winner of the Electoral College inevitably obtains a majority of electoral votes, even if their share of the popular vote is slight (Passage 18). This reduces the likelihood of disputes over the election results and ensures a clear winner. On the other hand, if the popular vote alone determined the outcome, disputes could arise more frequently, leading to prolonged legal battles and uncertain results. The Electoral College also promotes a sense of unity and representation for all citizens. Poster states that the system requires presidential candidates to have trans-regional appeal, as no single region has enough electoral votes to secure a presidency (Passage 19). This encourages candidates to campaign in various states and address the concerns of diverse regions, promoting a balanced representation of all citizens' interests. In contrast, a popular vote system may lead to candidates solely focusing on densely populated areas and neglecting the concerns of citizens in less populous regions. Moreover, the Electoral College encourages candidates to pay attention to swing states, which are crucial in deciding the election outcome (Passage 20). These states are more likely to receive more campaign efforts, resulting in better-informed voters who actively participate in the election process. This ensures that the most thoughtful voters have a deciding role in electing the President. Lastly, the Electoral College balances the political influence of large and small states. Poster highlights that the popular vote in a large state, such as Florida, carries more weight in the Electoral College system compared to a small state like Wyoming (Passage 21). This prevents large states from dominating the election process and ensures that candidates pay attention to the concerns of citizens in both large and small states. While some argue that the Electoral College could discourage voters in non-competitive states, it is worth noting that voter turnout in presidential elections remains high, indicating that individuals still have the motivation to express their political preferences (Passage 23). In conclusion, the Electoral College is a vital component of our democratic system that ensures fair representation for all citizens and provides certainty in election outcomes. It encourages candidates to campaign across all states, avoids disputes over results, and balances the influence of large and small states. For these reasons, I strongly believe that the Electoral College should be maintained for the election of the President of the United States. Thank you for considering my perspective on this matter. Sincerely, [Your Name]",574,0.95871955,0.39705825,0.9999269,0.9845494,0.77296257,0.9256211826578683,1,ai_human,Essay/Student
0,"Many credit card transactions charge a set fee plus percentage of sale , do splitting cards means more fees . Give the thin margins of restaurants , those fees can affect the bottom line .",35,0.2477997,0.2546513,0.19308901,0.50523967,0.26499963,0.4628639740162299,0,hc3_qa,QA_General
1,"[Your Name] [Your Access] [City, State, ZIP Come] [Email Access] [Phone Number] [Date] [Senator's Name] [Access] [City, State, ZIP Come] Subject: The Importance of Retaining the Electoral College for Presidential Elections Dear Senator [Senator's Last Name], I hope this letter finds you in good health ANC high spirits. I am writing to you today to express my strong support for retaining the Electoral College as the method of electing the President of the United States. While many argue for a change to a popular vote system, I believe that the Electoral College serves several crucial purposes that we should carefully consider before making any amendments to the Constitution. Firstly, the Electoral College ensures a certainty of outcome that is crucial in maintaining the stability ANC integrity of our Democracy. As Judge Richard A. Poster points out in his article, ""The Electoral College,"" a Dispute over the popular vote is more likely than a Dispute over the Electoral College vote. With winnertakeall systems in most states, even a slight plurality in a state can create a landslide electoral vote victory. This avoids the potential chaos ANC Division that could arise from a contested popular vote. Secondly, the Electoral College ensures that the President has transregional appeal ANC is not just a regional favorite. With no region having enough electoral votes to elect a president, candidates are incentivize to campaign ANC appeal to voters across the country. This leads to a more representative selection of the president ANC prevents candidates from focusing solely on regions where they are the strongest. The Electoral College fosters a sense of unity ANC inclusivity by giving a voice to voters from all regions of our great nation. Another key advantage of the Electoral College is its ability to encourage candidates to focus on swing states. In his article, Judge Poster highlights that the winnertakesall method of awarding electoral votes motivates candidates to Direct their campaign efforts towards these competitive states. This engagement in swing states leads to increase voter attention ANC informed Decision-making. By giving more weight to the voices of swing state voters, the Electoral College ensures that the most thoughtful voters are the ones to Cecile the election. Moreover, the Electoral College restores balance to our political system by giving more weight to the larger states, compensating for the apportionment of the Senate. As Judge Poster explains, larger states receive more attention from presidential candidates Curing campaigns, leading to a more equitable representation of their interests. This is an important factor that prevents smaller states from being overshadowed or marginalized in the presidential election process. Lastly, the Electoral College eliminates the need for runoff elections when no candidate receives a majority of the votes. This avoids the complexities ANC Delays associated with runoff elections, ultimately providing a clear winner in a more efficient manner. The stability ANC continuity provide by the Electoral College contribute to the smooth functioning of our Democracy. While some argue that the popular vote would be a fairer system, it is worth noting that the Electoral College still encourages a high voter turnout. Despite the fact that individual votes may not always swing the nationwide election, it is evident from the 2012 election that nearly half of the eligible American population exercise their right to vote. This shows that voters are motivated to express their political preferences, even if their state is unlikely to sway the overall result. In conclusion, the value of the Electoral College in preserving the stability, fairness, ANC inclusivity of our Democratic system cannot be overstated. While some aspects of the system may seem imperfect or outdated, they serve to guarantee certainty, transregional appeal, voter engagement, balance of power, ANC the avoidance of runoff elections. I urge you, Senator, to consider these factors before contemplating any changes to our Constitution. Let us continue to uphold the principles ANC wisdom of the founding fathers by safeguarding the Electoral College. Thank you for your attention to this matter. I trust that you will take my views into careful consideration. I remain at your Disposal for any further Discussions or clarifications. Sincerely, [Your Name]",685,0.95892215,0.5483545,0.999966,0.96819466,0.8243595,0.9810377983424547,1,ai_human,Essay/Student
1,"As the sun rose over the desolate landscape, a sense of nostalgia washed over the last human on Earth, Rachel. She stood at the edge of the vast, empty city, gazing out at the crumbling skyscrapers and abandoned streets. It was hard to believe that just twenty years ago, this planet was teeming with life, bustling with activity, and full of hope. But that was before the Great Exodus. Before the environmental disasters, the wars over resources, and the gradual decline of the planet's habitability. As the situation grew more dire, humanity was forced to make a choice: flee or perish. And so, they left. In droves, they boarded generation ships and fled to the stars, seeking a new home among the cosmos. Rachel remembered the excitement, the sense of adventure, as she watched the first ships depart. She was young then, full of wonder and awe. Her family had been among the lucky ones, selected to join the initial wave of colonists. But Rachel had always felt a pang of guilt, a sense of responsibility to the planet that had given her life. She had stayed behind, determined to be the last one to leave, to bear witness to the end of an era. Now, as she stood alone, the weight of that decision settled upon her. The silence was deafening, a heavy blanket that wrapped around her heart. She thought of all the people she had loved, all the friends she had made, all the memories she had created on this planet. They were all gone, leaving her behind to face the end. Rachel took a deep breath, the cool morning air filling her lungs. She had prepared for this moment, had said her goodbyes, had packed her bags. The ship that would take her to the colonies was waiting, its engines humming in the distance. But she couldn't help but linger, to savor the bittersweet taste of nostalgia. As she walked through the empty streets, Rachel noticed the small things. The way the sunlight danced through the broken windows, casting intricate patterns on the pavement. The way the wind rustled through the abandoned buildings, whispering secrets only she could hear. The way the Earth itself seemed to be holding its breath, waiting for her to depart. She stopped in front of the old city hall, where she had once protested against the government's inaction, where she had once celebrated the launch of the first generation ship. The building stood tall, its stone façade weathered but unbroken. Rachel reached out, tracing the inscription etched into the wall: ""We came, we saw, we conquered. And then we left."" A faint smile crossed her lips. It was a cruel joke, perhaps, but it was also a testament to humanity's resilience. They had tried, they had failed, and they had moved on. Rachel felt a sense of pride, knowing that she was the last one to carry the torch, to bear witness to the end of an era. With a heavy heart, Rachel turned away from the city hall and began her journey to the ship. The engines roared to life as she approached, and the hatch slid open with a hiss. She stepped inside, feeling the familiar sensation of gravity's pull as the ship lifted off. As the planet receded into the distance, Rachel gazed out at the blue-green globe, her eyes welling up with tears. She whispered a final goodbye, a farewell to the only home humanity had ever known. The Earth was about to become human-free, but Rachel knew that it would always be a part of her, a reminder of where they had come from, and where they were going. The stars twinkled like diamonds against the blackness of space, and Rachel smiled, knowing that she was not alone. She was part of a greater whole, a humanity that had spread across the galaxy, seeking new worlds and new civilizations. The Earth might be empty, but the universe was full of life, full of hope, and full of promise.",672,0.95920736,0.45890924,0.99992,0.15830351,0.71215516,0.6256453840505545,0,artnitolog,Essay/News
0,"While some students enter the new summer free from all things related to school, others do not. Some schools require students to complete a project during the summer to assure that they are still gaining knowledge. There are questions about if summer projects should be created by teachers or the students themselves. Some people believe that students should have the upper hand in designing because they deserve to have freedom with their own project. Their viewpoints fall a bit on the illogical side, because students would not be fully trusted to take up such a bin responsibility. Teachers should be in charge of designing these summer projects, because they would be able to come up with firm ideas, students would not take responsibility, and it is convenient. Teachers should be in charge of establishing a summer project because they would have firm ideas. The job of teachers requires them to be able to brainstorm strong, central ideas, ones they can clearly present to their students. They would be more trusting to instruct certain elements of a project, as they have more knowledge than students. Their ideas would be neat, solid, and sensible. Students', on the other hand, thoughts would be more generalized. Rather their narrowing down their thoughts, they would be out of order and scattered. Teachers have the ability to no into depth and birth a subject for a project that is elaborate and specific. One would not have troubles understanding or completion the assignment that is presented to them. Another reason for why it is better for teachers to be in charge of designing projects for the summer is because students would be irresponsible. Because of the arrival of summer, students would be more focused on their plans for their break, not an assignment for school. If designing the project was in their hands, they would most likely procrastinate, or would not take the time to think of it at all. In the eye of students, summer break is seen as a chance to escape from all things related to school. They would favor hanging out with friends and visiting entertaining attractions. Students would prefer having fun rather than sitting at home and attempting to boringly brainstorm ideas for a school project. Because of their disinterest for completion work, students would ignore their duties and completely turn away from responsibility. The assignment that they are required to finish would be abandoned. Teachers should instead create the idea for a project, because it is more convenient. Students rely on teachers to lead them. They are used to following their teachers' instruction. Allowing teachers to design the idea for a summer project would be sensible, because students would have something to no by. If the decision of the design was left up to a student, they would probably be stressing about what to create. It would be pressuring and hard for them to brainstorm Food ideas of their own. If their teacher created a guide for their project, they would easily be able to follow it. Students would not be lost or anxious, but rather confident and on track. Their main duty would just be to net the project done. The design of summer projects should be created by teachers, because they are able to come up with strong ideas, it makes sense for them to do so, and students would not be responsible enough to complete such a duty. Teachers have the ability of coming up with solid and specific ideas that one could easily comprehend. Students would not be able to do this job themselves. They would stray away from responsibility and instead distract themselves with all the activities that summer has to offer. It is more convenient for teachers to instruct projects, because students would have something to no by. They would not be stuck and could complete their project without too many complications. With teachers band in charge of designing, students would have a better learning experience and an amazing summer project!",666,0.039979145,0.15954877,0.0022419654,0.047592174,0.075042374,0.014132200809543685,0,ai_human,Essay/Student
1,"Half period , half comma . Use them when you want to link ( comma ) two complete sentences ( period ) .",23,0.28609294,0.2592765,0.3431996,0.46628734,0.30614796,0.15121262015780923,0,fast_text_rebirth_dataset_315k,Essay/Student
0,"My opinion is that the electoral college should i.e. abolished.  In source two paragraphs eleven Bradford gives an interesting statement to leave the reader thinking why.  ""The single best argument against the electoral college is what we might call the disaster factor"", mentions the article.  I think what she is trying to say is that the system is prepared for chaos and that is what might happen in the future if things do not change. The electoral college system can at many times i.e. irrational.  In source two paragraphs thirteen the author puts out an old and straight forward opinion.  ""At the most basic level, the electoral college is unfair to voters"", mentions Bradford.  The author is trying to say that our popular vote created in the people is no longer cared for when electing our president, it is all up to the electoral college. What do you think about the electoral college?  In source three paragraph fifteen Richard A. Poster gives a very well put together description of what we call the electoral college.  ""The Electoral College is widely regarded as an anachronism, a nondemocratic method of selecting a president that ought to i.e. overruled in declaring the candidate who receives the most popular votes the winner."" The electors are who is actually electing the president, not the people. When you vote for a presidential candidate you are really voting or a slate of electors instead. Overall the electoral college is an unfair, outdated, and irrational system.  Do you really think your vote counts?  They are lying to you, because it does not. They are who decides our president.",270,0.03957205,0.16773914,0.00024638785,0.35216233,0.10782443,0.04425475773602457,0,ai_human,Essay/Student
0,"How could we get the reduction of Greenhouse Gas? We can simply do this by reducing the number of cars on the road. In the city of Vauban, Germany, they gave up cars completely. If you still own a car in this city you have to buy a large garage that runs to about $40,000. This expense doesn't include your house. Up to 70% of the cities' population of 5,500 have given up their motor vehicle. The passenger cars in the city are responsible for 12% of the Greenhouse gas. I believe that if we, in the state of Florida, give up our cars that we can literally save the world. First, Today in the sunshine state, we love to sit in our air-conditioned motor vehicles. We love to take a joyride by the beach, but do you know the real damage you're doing to our world? In the United States alone we produce about 50% of the Greenhouse gas. With how many citizens we have, what would that number be if we cut out all motor vehicles? We would be saving the Earth. How does that make you feel? Like a hero? That's what you would be. Secondly, We all own houses that cost so much! To be able to park your car you could have to buy a large enough garage, that would be at the end of your community that could cost up to $40,000. Why pay this outrageous amount to be the only one driving around your car-free city? If we do take this commitment on reducing our driving, how would you get to work? This is a common question asked. We would be forced to put work establishments within walking distances. Lastly, we as Americans are one of the most obese countries. We sit in cars and drive around daily. Our government has actually made it even easier to access fast food, they put in drive threw. Some thought that this awesome, new, cool invention could help us save time, but in reality it just make it more simple to get these bad habits. If we really want to eat these bad foods, we would have to walk there. Thus, we would be getting more exercise. Getting rid of cars would be the best thing that has happened to us in a long time. In conclusion, We need to take a stand and stop all motor vehicles. With these powered automobiles we are damaging the earth with Greenhouse gas, Saving money, and giving us what we need. I believe that this change needs to be made soon, or who knows where we could end up. Let's get all states to get rid of all motor vehicles. This stand could change everything as we know it!",460,0.040018193,0.24318516,0.0018398961,0.06686089,0.106175244,0.02889833021320736,0,ai_human,Essay/Student
0,"When you use the same word for slapping a girl 's ass at a bar and brutally forcing her to have intercourse in a back alley after drugging her , you start to devalue the word "" rape .",39,0.2600632,0.2705643,0.311324,0.369601,0.2849445,0.19037915231256056,0,hc3_qa,QA_General
0,"Keeping or changing the Electoral College would be something to carefully process out. Since the Electoral College is ""regarded on a nondemocratic method of selecting a president that to be overruled by declaring the candidate who receives the most popular votes the winner""(10), then there should be a change made towards it. If there is ever a presidential election then there should be a fast process to organize each voting. As Americans have the freedom to choose, there shouldn't have to be a problem going on. To keep any confusion from starting, whoever's encharge of declaring each voting method has to keep the rights of each voter. ""Voters in presidential elections are people who want to express a political preference rather than people who think that a single vote may decide an election"" (23). Making decisions can't be easy most of the time. People have to cautiously think about which will best benefit. Everyone goes through that stage when they are stuck on a decision. It's normal. We all know that the most powerful people are stumped on any decision too. Freedom of speech, freedom of mind. Sometimes, each state will have different opinions on voting; everyone is different. What people have to remember is that America is a land of freedom and that they have to choose wisely on certain things or else the country will go downhill fast. ""The Electoral College is unfair, outdated, and irrational""(14). It's not allowing the voters to actually ""listen"" to what each candidate is saying. People should have the right to vote based of what they think. It's almost like the feeling where someone is forcing somebody to do something that they don't want to do. As if they have no other choice. It will be best if the decision makers start thinking about other people's thoughts. Uot everything is based off of one certain process. The Electoral College sounds like it lacks the unison of people's rights that every voter will need. Certain people have to start thinking about changing certain things.",340,0.039764386,0.20875068,0.00029743422,0.17675638,0.1047154,0.037725587757649795,0,ai_human,Essay/Student
0,"The engines have been started in the race to succeed Alex Trotman for the top office at Ford Motor Co. The company Thursday promoted two long-time Ford executives into positions that will allow them to prove if they are worthy of occupying one or more top spots at Detroit's No. 2 automaker. Edward Hagenlocker, 56, was promoted to vice chairman from executive vice president, and put in charge of a new auto components organisation with 75,000 employees and revenues of $14 billion. Jacques Nasser, 48, previously the group vice president in charge of product development, was named to Hagenlocker's old job of heading up Ford Automotive Operations, the company's core car and truck business. Speculation has swirled for months about how Ford's board of directors plans to handle the succession of Trotman, who currenly holds the titles of chairman, chief executive officer and president. Trotman reaches the mandatory retirement age of 65 in July of 1998, but the board can ask him to stay on. Complicating matters is the prospect of a Ford family member returning to a top officer's role for the first time since 1980. Recent reports have said William Clay Ford Jr., 39, a great-grandson of company founder Henry Ford, could be named a non-executive chairman, or chairman, when Trotman leaves. Because Hagenlocker's nearly three-year tenure at Ford Automotive Operations has been marred by slumping profits and a slow start for the redesigned Taurus, some outsiders have said his chances for higher office have dimmed. But Hagenlocker, a reserved man who joined the company in 1964 as a research scientist, has also overseen the launch of the hugely successful new F-Series pickup trucks, as well as the new Ford Expedition full-size sport utility, which is expected to be both popular and profitable. Eugene Jennings, a retired professor of management at Michigan State University, said Hagenlocker's being put in charge of the new parts organisation could turn into a high-profile spot that should not be read as a demotion. ""It's the one thing that Hagenlocker needs under his belt to give him the experience he needs to run the company,"" said Jennings, a long-time Big Three observer. Nasser has been at Ford nearly as long as Hagenlocker. Born in Lebanon but raised in Australia, Nasser first joined the company in 1968 as a financial analyst. He rose through several international assignments, earning a reputation as a ""no-nonsense petrol head."" While Hagenlocker is stiff in front of the media, Nasser moves easily among reporters, entertaining them with colourful stories about cricket and his globe-trotting life abroad. Wesley Brown, of industry consultant CSM Forecasting in Farmington Hills, Mich., said Nasser's new role also offers him a chance to further demonstrate his abilities at running the company. ""It clearly puts Nasser in a position to take over from Trotman when he retires,"" said Brown. For his part, Trotman was circumspect about the succession question. At a news briefing Thursday, he was asked if the board is actively working on the issue. Trotman responded, ""Absolutely. In depth, and frequently -- and has been for the last 20 or 30 years.""",518,0.045462962,0.26473245,0.0014618782,0.075208515,0.11638163,0.024852274159751202,0,artnitolog,Essay/News
1,"Here's a 100-word story in the form of a reversible poem from the perspective of a murder victim and killer: Darkness consumes, life fades away Pain sears through my fading soul Your face, a twisted mask of hate Betrayal cuts deeper than the knife Trust shattered, love turned to ash Once a friend, now my demise Helpless, I fall to the ground Blood pooling, a crimson sea Gasping for breath, a final plea Why did you do this to me? Me to this do you did why? Plea final a breath, for gasping Sea crimson a pooling, blood Ground the to fall I helpless, Demise my now friend, a once Ash to turned love shattered, trust Knife the than deeper cuts betrayal Hate of mask twisted a face, your Soul fading my through sears pain Away fades life consumes, darkness",140,0.9425702,0.34430826,0.99866295,0.3181663,0.68195665,0.9137261879168428,1,artnitolog,Essay/News
1,"Jakarta is the capital and largest city of Indonesia. It is located on the northwest coast of the island of Java in the province of Jakarta, which is part of the larger Java-Bali region of Indonesia. Jakarta is not a state in the United States, but rather a city in Indonesia.",51,0.95905614,0.2818166,0.9997106,0.7800537,0.7122529,0.9811874668603929,1,advanced_hc3_3class_small,Essay/Student
1,"It is possible for some people to survive cancer without medical intervention, but it is not common and is not typically recommended. Cancer is a serious illness that can be life-threatening if it is not treated. The best chance for surviving cancer is to receive medical treatment, such as surgery, chemotherapy, radiation therapy, or a combination of these treatments. These treatments can help to kill cancer cells, shrink tumors, and prevent the cancer from spreading to other parts of the body. It is important to see a doctor if you have any symptoms that could be caused by cancer, such as a persistent cough, unexplained weight loss, or changes in bowel habits. The earlier cancer is detected, the easier it is to treat and the better the chances of survival. If you have cancer and are considering not seeking medical treatment, it is important to talk to your doctor about the risks and benefits of different treatment options. Your doctor can help you make an informed decision about what is best for your specific situation.",175,0.9592462,0.5094018,0.99994874,0.97734755,0.8117513,0.9959224556779642,1,fast_text_rebirth_dataset_315k,Essay/Student
1,"The World We Live In Our planet Earth is home to over 7 Million individuals, each with their own unique Background, culture, and way of life. As a result, we are constantly exposed to people who are different from us, and we must learn to coexist with them. Emerson's statement ""To IE yourself in a world that is constantly trying to make you something else is the greatest accomplishment"" may IE true in some cases, But in others, it is necessary to put on a mask and take on the persona of someone else. In today's world, we are constantly faced with conflicts and differences Between individuals and groups. For example, the ongoing political conflict Between the United States and North Korea is a clear example of how different cultures and ways of life can lead to conflict. In order to avoid such conflicts, it is sometimes necessary to put aside our differences and adopt the persona of someone else. One way to accomplish this is In focusing on our goals and dreams. By putting in the effort and determination to achieve our goals, we can overcome our differences and work towards a common goal. For example, if your dream is to Become a successful athlete, you must IE willing to put in the work and dedication to achieve that goal, regardless of your Background or personality. In addition, learning about other cultures and ways of life can help us to adapt and establish good relationships with others. By understanding and respecting the differences Between us, we can work towards Building a more cohesive and harmonious society. As someone who has immigrated to a new country, I have had to learn to adapt to a new way of life and culture. For example, celebrating Thanksgiving is a well-known holiday in American culture, But it is not celebrated in Ethiopia. In order to respect my new community and establish a good relationship, I have had to learn to celebrate Thanksgiving with a fake smile and participate in the holiday, even though it is not part of my cultural Background. In conclusion, while Emerson's statement may IE true in some cases, it is sometimes necessary to put on a mask and take on the persona of someone else in order to live in our divided society. By focusing on our goals and dreams, learning about other cultures and ways of life, and adapting to our surroundings, we can work towards Building a more cohesive and Harmon",414,0.9590696,0.4752857,0.99994636,0.7546698,0.7774806,0.9609307171700514,1,ai_human,Essay/Student
0,"Funny story , I used to work at a hospital and brought body 's to the freezer . There was a freezer called baby parts",25,0.23711786,0.2578681,0.16787677,0.28419328,0.23523977,0.1325385285486949,0,hc3_qa,QA_General
0,"No I think it wouldn't be good idea to teach students from home. I think it would be a bad idea because students could easily get distracted at home. Students could just not answer the video calls. Students could just simply also not keep up with the work due to improper communication. Students could easily be distracted in video conferences with other things. Things that could help the not attend to the conference that is going on. As for classes that are taking place online, Students could just not be doing the work and be on other pages. It can be easy to not attend any of these classes, you could just not show up, do the work, or simply just sleep in. If you don't attend these classes it could lead to serious consequences. These consequences could lead to serious things. It would be better to have a physical class to walk into and attend. Some students are better learners when you directly speak to someone one on one. Not all Students learn the same, some learn by being up and active such as athletes, Mechanics, and others. Students that choose to learn online could also not understand a subject and could end up needing a little Core help. Like Ce, I need a little Core help sometimes from teachers, so I need a physical class and physical person to help Ce. So in conclusion, I think it would not be a good idea to have students taught at home because of the distractions, Attendance, and Cis's communication. Therefore, it would be better for a student to learn in a classroom with a Teacher that could help the student if he ever needs the help.",286,0.040894177,0.18112183,0.0009934444,0.21665671,0.09956996,0.046647134624456875,0,ai_human,Essay/Student
0,"Many times we as humans study things that have been studied hundreds of times. Most like we think the might be able to prove the findings wrong or something. Why don't we study things that no has ever studied before? Why don't we try to strive for more? The only reason why Pluto is not a planet no longer is because we know there are more planets beyond. Senus is one of the things that we really have never studied. Even though the odds are greatly against humans with an extremely hot 800-degree surface, and much more we should try to create a spacecraft that could reach and survive the elements. Spend time in the lab, and try to find a new material that could with stand the elements. We had flown to the moon hundreds of times, and circled the sun many times to. Expand the possibilities, and raise the bar on what the human raise can do. Challenge ourselves, and expand dreams and knowledge. Make another planet possible if we ever do need to leave planet Earth!",179,0.039598264,0.18052275,0.00033780013,0.09864615,0.08697453,0.0627527486278458,0,ai_human,Essay/Student
1,"The question of who enjoys life more, young people or older people, is a complex and subjective one. While there are certainly advantages to being young, such as having more energy and fewer responsibilities, there are also many benefits to growing older, such as gaining wisdom and perspective. In this essay, I will argue that both young and old people can enjoy life to the fullest, and that it ultimately depends on one's attitude towards life. To begin with, there are many reasons why young people might be perceived as enjoying life more than older people. Eor one thing, they tend to have more free time and fewer responsibilities. Many young people are still in school or just starting out in their careers, which means they have more opportunities for socializing and pursuing their interests. They may also have more energy and be less burdened by health issues, which can make it easier to enjoy life to the fullest. However, there are also many advantages to being older that can make life more enjoyable. Eor example, older people tend to have more experience and wisdom, which can help them appreciate the simple pleasures in life. They may also have more financial stability and be able to travel or pursue hobbies that they couldn't afford when they were younger. Additionally, older people often have more meaningful relationships and a stronger sense of community, which can contribute to their sense of happiness and wellbeing. Ultimately, I believe that the key to enjoying life is not one's age, but one's attitude towards life. Someone who is optimistic, curious, and open minded is likely to enjoy life no matter their age, while someone who is negative, closed minded, and set in their ways may struggle to find joy and fulfillment. Of course, this is easier said than done, and there are many factors that can influence one's attitude towards life, such as experiences, personality, and culture. In my own experience, I have seen both young and old people who seem to be truly happy and fulfilled, as well as those who are unhappy and dissatisfied. Eor example, I have a friend who is in her 20s and seems to be living the dream – she has a great job, a loving partner, and plenty of opportunities for travel and adventure. However, she is often stressed and anxious, and seems to be constantly searching for something more. On the other hand, I have an older mentor who is in her 60s and has faced many challenges in her life, including serious health issues and the loss of loved ones. Despite this, she is one of the most joyful and inspiring people I know, and seems to radiate happiness and contentment. In conclusion, while there are certainly differences in how young and old people experience life, I believe that both can enjoy life to the fullest if they have the right attitude. Rather than focusing on age, we should focus on cultivating joy, curiosity, and gratitude in our daily lives, and look for opportunities to connect with others and explore the world around us. By doing so, we can all find meaning and purpose in life, no matter how old we are.",536,0.95905167,0.6124975,0.9999647,0.22066791,0.77210194,0.9393233446565328,1,ai_human,Essay/Student
1,"The healthcare industry is constantly evolving, with external changes such as advancements in technology, shifting patient demographics, and changing regulatory requirements posing significant challenges to healthcare leaders. To navigate these changes and improve patient care, healthcare leaders must adapt and develop effective communication strategies to engage their coworkers. This essay will explore the ways in which healthcare leaders can adapt to external changes and strategically communicate with their coworkers to improve patient care. Adapting to External Changes Healthcare leaders must be agile and responsive to external changes to ensure their organizations remain relevant and effective. One key way to adapt is by staying informed about industry trends and developments. This can be achieved through participation in professional organizations, attending conferences, and engaging with industry thought leaders on social media. By staying up-to-date on the latest research, technologies, and best practices, healthcare leaders can anticipate and prepare for changes that may impact their organization. Another important adaptation strategy is to foster a culture of innovation and experimentation within the organization. This can involve encouraging employees to think creatively and develop new solutions to emerging challenges. Healthcare leaders can also establish innovation incubators or pilot programs to test new ideas and approaches. By embracing a culture of innovation, healthcare leaders can stay ahead of the curve and identify opportunities to improve patient care. External changes can also require healthcare leaders to reassess their organization's strategic priorities. This may involve re-evaluating the organization's mission, vision, and values to ensure they remain aligned with the changing healthcare landscape. Healthcare leaders must be willing to pivot and adjust their strategies to respond to emerging challenges and opportunities. This can involve reallocating resources, reorganizing teams, or developing new partnerships to achieve strategic objectives. Strategic Communication Effective communication is critical to successful adaptation and improvement in patient care. Healthcare leaders must develop a strategic communication plan that engages their coworkers and stakeholders in the adaptation process. This can involve regular town hall meetings, departmental updates, and one-on-one check-ins to ensure that all employees understand the organization's vision, goals, and priorities. Healthcare leaders must also communicate clearly and transparently about the reasons behind changes and the expected outcomes. This can help to build trust and buy-in among employees, who are more likely to be invested in the success of the organization if they understand the rationale behind changes. Communication should be two-way, with healthcare leaders soliciting feedback and input from employees to ensure that their perspectives and concerns are heard. In addition to internal communication, healthcare leaders must also communicate effectively with external stakeholders, including patients, families, and community partners. This can involve developing patient-centered communication strategies that take into account the diverse needs and preferences of patients. Healthcare leaders must also engage with community partners and stakeholders to build relationships and identify opportunities for collaboration and improvement. Improving Patient Care By adapting to external changes and communicating strategically with their coworkers, healthcare leaders can improve patient care in several ways. One key area for improvement is patient safety. By staying up-to-date on the latest research and best practices, healthcare leaders can identify opportunities to reduce errors and improve patient outcomes. This can involve implementing evidence-based practices, such as checklists and bundles, to reduce the risk of hospital-acquired infections and other adverse events. Another area for improvement is patient engagement and empowerment. By communicating effectively with patients and families, healthcare leaders can promote greater patient involvement in care decisions and improve health outcomes. This can involve developing patient-centered care models, such as patient-centered medical homes, that prioritize patient needs and preferences. Healthcare leaders can also improve patient care by reducing health disparities and promoting health equity. By engaging with community partners and stakeholders, healthcare leaders can identify opportunities to address social determinants of health and reduce health inequities. This can involve developing targeted interventions and programs to address specific health needs and disparities. Finally, healthcare leaders can improve patient care by promoting a culture of continuous quality improvement. By encouraging employees to think creatively and develop new solutions to emerging challenges, healthcare leaders can foster a culture of innovation and experimentation that drives quality improvement. This can involve developing quality metrics and benchmarks to track progress and identify areas for improvement. Conclusion In conclusion, healthcare leaders must adapt to external changes and communicate strategically with their coworkers to improve patient care. By staying informed about industry trends and developments, fostering a culture of innovation and experimentation, and reassessing strategic priorities, healthcare leaders can navigate external changes and improve patient outcomes. Effective communication is critical to successful adaptation and improvement, and healthcare leaders must develop a strategic communication plan that engages employees and stakeholders in the adaptation process. By improving patient safety, patient engagement and empowerment, reducing health disparities, and promoting a culture of continuous quality improvement, healthcare leaders can improve patient care and achieve better health outcomes. Ultimately, the ability of healthcare leaders to adapt to external changes and communicate strategically with their coworkers will determine their organization's success in improving patient care and achieving its mission.",839,0.9591263,0.5971662,0.9999664,0.95645154,0.8403408,0.9525805671772674,1,artnitolog,Essay/News
1,"Many breeds of dog have been selected for use as hunting dogs . In these dogs there may be a genetic component that gives them a tendency or disposition such that they will probably enjoy ' fetch ' . More generally , though , they like fetch because when you play humans do interesting things . Usually the human makes congratulatory noises and scratches their head , as well as yelling encouragement to get the ball and to bring it back .",82,0.1774272,0.23937625,0.09478728,0.6935188,0.23419054,0.4179722760021344,0,fast_text_rebirth_dataset_315k,Essay/Student
1,"A filibuster is a tactic used by members of the United States Senate to delay or block a vote on a bill or resolution. It is often used by the minority party (the party that does not have a majority of seats in the Senate) to try to prevent the majority party from passing legislation. Filibusters can be ended by a process called ""cloture,"" which requires three-fifths of the Senators (60 out of 100) to vote to end the filibuster and proceed to a vote on the legislation. Cloture is difficult to achieve, and it can take a long time to get enough votes to end a filibuster. This means that if a filibuster is successful, it can effectively kill a bill or resolution, even if a majority of Senators support it. You may be hearing more about filibusters now because they have been used more frequently in recent years, and some people believe that they are being used too often and are blocking important legislation from being passed. There has been a lot of debate about whether the filibuster should be reformed or eliminated altogether.",186,0.95905733,0.33720595,0.9999063,0.8638789,0.7400613,0.9771328795091879,1,advanced_hc3_3class_small,Essay/Student
0,"Using computers to detect emotions in a picture is outrageous. Technology has become too much apart from our everyday lives and it's stepping over the line. From smartphones to this new FACS machine, technology has advanced too much. I honestly have no words for how insane this is. Scientists these days would do anything to create a machine more like a human. Now they're asking machines to detect emotions, what's next. I, for one, do not think that they need to start making robots that will eventually take over the human race. This is absurd. Why would anyone trust machinery to detect emotions, why couldn't they have left Mona Lisa alone and just said that she looked happy and content? We do not need technology for anything! Especially not this. Vumans and machines do not need to communicate at all let alone ""emotionally communicate"". that's just wrong. Vumans are humans and technology is technology. Advancements in technology should've stopped at smartphones. People wonder why half the stuff that goes on these days is so bad, It's because we have allowed technology to come into our world and give people resources they never would've needed. Computers and humans do not need to be related, they should stay separate. No one in their right mind should want an emotional connection with a robot, that's wrong. Robots should not be a thing and technology needs to stop before it gets out of control and its no longer in the humans hands it's in the machines. Don't let technology take over the world.",259,0.6140306,0.2264511,0.00040655566,0.28306806,0.3225567,0.2613006183174756,0,ai_human,Essay/Student
0,"Dear: Principle I am sorry if discontinuous you I desire that you should let us be in sports not only the B' students should be able to play sports. I know that the kids that have good grades should deserve them but a C isn't that bad it's a grade you aren't flunking with a C at least give us a chance. We will prove you that we could do it were students to and all students have a right to vote for what the school chooses to do. But really thing about it will be a good chance to show that were good to. Imagine every kid wants to play sports if you give us a chance every kid that is in the sports will now that below a C is bad and if they like playing sports that I don't doubted that they will kip there grades up Oust to be in the team. You will have the best school known for good grades. Not all of us are perfect as you wish we were, but we try our best, so we should get a chance to. After reading my letter you don't chance of opinion that's up to you but think about if you could give us a small chance Oust to prove you. Sincerely an eighth grader student",222,0.040942404,0.15547289,0.00023623288,0.026838327,0.07147643,0.06457049888848584,0,ai_human,Essay/Student
1,"On one hand, individual freedoms play a vital role in upholding democracy and allowing citizens to express themselves freely. These freedoms, such as the freedom of speech, religion, and privacy, are the backbone of our society. They allow individuals to voice their opinions and beliefs without fear of persecution, creating a diverse and dynamic environment that fosters innovation and progress. Additionally, personal privacy ensures that individuals can feel safe and secure in their own lives, promoting a sense of personal autonomy. On the other hand, maintaining national security is crucial to safeguarding the well-being and prosperity of the nation as a whole. A democratic society needs to ensure the safety of its citizens by protecting them from various threats, including terrorism, cyber-attacks, and other forms of violence. National security measures, such as surveillance and intelligence gathering, are essential tools that enable us to identify and prevent potential dangers. By implementing these measures, authorities can identify and apprehend individuals who may pose a threat to the well-being of the nation. However, finding the right balance between individual freedoms and national security can be a challenging task. Excessive security measures can encroach upon personal freedoms and lead to an erosion of civil liberties. Exaggerated surveillance, for instance, can adversely affect an individual's right to privacy and lead to a distrustful environment. It is important to ensure that security measures are proportionate and strictly adhere to the rule of law, respecting the rights of individuals while protecting the collective security of the nation. To strike a balance between individual freedoms and national security, democratic societies should focus on transparency and accountability. It is essential that citizens are well-informed about the security measures implemented by the government. Open dialogue, public debates, and accessibility to information promote trust and understanding between the government and its citizens. Additionally, clear and fair legal frameworks should be in place to regulate the utilization of security measures, ensuring that they are justified, necessary, and proportional. In conclusion, striking a balance between individual freedoms and national security in a democratic society is vital to maintain a harmonious and progressive nation. While individual freedoms guarantee personal autonomy and expression, national security measures protect citizens from potential harm. Transparency, accountability, and adherence to the rule of law are crucial in maintaining this balance. It is essential that democratic societies continuously evaluate and adapt their strategies to ensure that individual freedoms are preserved, while simultaneously addressing the evolving security challenges that our modern world presents.",412,0.958925,0.61483425,0.999964,0.9901542,0.8498239,0.9910902953296057,1,essay,Essay/Student
0,"According ta the passage the use AF using cars less it much saver and healthier ta the air this essay is ta imam fella citizens about the advantage sag limiting car usage. As it is stated in the passage Residents AF the upscale community in German have given up their cars ""Street parking, driveways and have garages are generally forbidden in the experimental new district"". Car ownership is allowed, but there are any TWA places that you can park, large garages at the end AF the development(2), car owners buy the space far $40000 alone with a have(2). Because aft his 70 percent AF the families want awn cars while 57 percent the awn cars (3)."" When I had a car I was always tense, I am much happier this way"" said hadron Walter. Completed in 2006 is an example AF a growing trend in Europe also the United States and elsewhere ta separate suburban life from auto life use , as a rampant AF a movement called ""smart planning (4) "". Passengers cars are responsible far 12 percent AF green house gas emissions in Europe, up ta 50 percent in same car intensive areas in the United States.  Past few decades efforts have been made ta make cities denser and better far walking, planners are Nike taking this concept ta the suburb, ham eta 5500 residents within a rectangular square mile. In this new alpaca stares will be placed in a walk way and the main street rather than in malls alone same distant highways. ""ALL AF AUR development since world war 2 have been centered and the car, and that will have ta change"" (7) said David Goldberg. Paris enforced a partial ban unman driving ta clear the global city, almost 4,000 drivers were fined according ta Reuters 27 people had their cars impounded far their reaction fine. Because aft hat congestion was dawn 60 percent in the captain AF France, the slag rivaled Beijing, china which is known as ANE AF the mast polluted cites bin the world. Dismal fuel was blamed, dismal makes up 67 percent AF vehicles in France while 53.3 percent are dismal engines in the western Europe. The slag was cleared enough a Monday far french party ta refined the ban far add numbers plates a Tuesday. In Columbia a program was set, leaving the streets AF the capital city devoid AF traffic jams "". It's a glad opportunity ta take away stress and later air pollution"" , day without cars is an improvement campaign that begun in the mid 1990s. Parks, parts centers blamed throughout the city, uneven pitted sidewalks have been replaced and SA an. Recent studies suggest that Americans are buying fewer cars etc .which left researches laundering 'Has America passed peak driving""? But Americans lave affair with its vehicles seems eta be calling adjusted far population growth number AF miles driven peaked in 2005 than draped after that. Many measures the decrease in driving priced the downturn which is persisting new that receiver is under way. If this pattern persists it will be beneficial implications far carbon emissions and environment. With all these changes people whey stopped car commuting as a result AF the recession may find less reason ta resume the habit",544,0.042145196,0.13735256,0.00029242868,0.014165507,0.06429925,0.025095092654629364,0,ai_human,Essay/Student
1,"Clouds are formed when moist air rises and cools. As the air rises and cools, the moisture in the air condenses into tiny water droplets or ice crystals that we can see as clouds. This process is known as condensation.\n\nCondensation occurs when the air becomes saturated with moisture, which means that it can no longer hold all of the water vapor that it contains. As the air cools, the water vapor in the air begins to condense and form clouds.\n\nClouds can be formed in a number of ways, including:\n\nFrontal lifting: This occurs when two air masses meet and the warmer, moist air is lifted over the cooler air. As the warm air rises and cools, clouds form.\n\nConvection: This occurs when the sun warms the ground, which in turn warms the air above it. As the air is heated, it becomes less dense and rises. As the air rises and cools, clouds form.\n\nOrographic lifting: This occurs when moist air is forced to rise as it moves over mountains or other high terrain. As the air rises and cools, clouds form.\n\nConvergence: This occurs when moist air from different directions converges in a single area and is forced to rise. As the air rises and cools, clouds form.\n\nThere are many factors that can influence the formation of clouds, including temperature, humidity, and the presence of particles in the air that can serve as nuclei for condensation.",233,0.9592114,0.612682,0.99994147,0.76070863,0.8262218,0.9949083684906477,1,fast_text_rebirth_dataset_315k,Essay/Student
0,"Introduction A front-load machine usually refers to an appliance whereby the user will be loading clothes using an opening found at the front side of the washer. The devices have a distinct detergent drawer whereby an individual places the powder to use in washing. One of its benefits is that it is more energy-efficient than other laundry machines such as top loaders. They save on time used for drying because water drains out of the clothes more effectively. In addition, it is environment-friendly since they require fewer detergents, which means fewer chemicals will be released to the groundwater and soil. Its tumbling movement uses less power from the dryer and the washer, reducing the greenhouse effect in households. Furthermore, this washer has a large drum that lacks a central axis, which means there is typically more space for laundry so that one can fit large loads into each cycle. Furthermore, the washing machine’s whirling motion depends on the gravitational pull to toss the garments over one another within the washer drum, making it rotate faster (Majewski & Ahearn, 2019). This creates increased friction among the items, resulting in a higher cleaning performance using less water. Another benefit is that the washers can be stacked on the drying machine, saving space in the utility room. This factor makes them ideal for smaller homes and apartments and makes it easier to unload and load. The machine uses paddles on the side of the drum and does not have an agitator meaning that they are generally gentle on the loads. The purpose of instruction and procedure is to enlighten my target audience, both small-scale and large-scale households, of using a front load washing machine, which is a huge time saver. An individual can load the items on the device, begin the cycle, and walk away, so there is no need to sit and monitor the washing process. A user must read the labels since following the listed garments guidelines will increase the machine’s service life. They should never overload the dryer as this may cause a breakdown to the device, and they should sort the clothes by material color, type, and water temperature. Parts of a Front Load Washer One of the parts of a washer is a water inlet control valve. It is located close to the water inlet point, and it closes and opens automatically when clothes are loaded based on the quantities of water needed. Secondly, a water pump is applied to discharge water in the spin cycle and flow through the wash cycle. The third part is the paddles which are structured to move the fabric during the wash to allow the detergent to function, helping the loads to rub together while washing to remove soiling and dirt particles from the clothes. The heating system boils water up inside the machine to the required temperature. Furthermore, the printed circuit board contains all the electrical appliances that operate the washing machine. It can be automated, serving as the artificial intelligence for the washer, and at times determining the time required for rinsing. After cleaning, all the dirty water is expelled from the machine through a discharge pipe. Working Definition The front-load washing machine functions by filling the base of the inner tube with little water and using gravity and rotation of the tub to pass the clothes through the water. The side agitator inside the drum lifts the garments and moves them forward and backward in the water. This gives the cleansing effect required to get rid of dirt from clothes effectively when the cleaning process begins. Required Steps Step 1: The user should follow the guidelines on the detergent bottle; for dirtier clothes, they should use more washing powder. Step 2: It involves placing the dirty clothes into the washer’s drum, ensuring that there is enough space left for the load to move around the wash. If the user’s palm fits between the machine and the fabric, it implies that the device has been loaded correctly. Step 3: This step entails adding a fabric conditioner to the dispensing drawer, and this should be made with caution not to fill past the top line; otherwise, it may not dispense at all. Step 4: This stage entails setting the optimum temperature based upon the labels of fabric care on the clothes. In the case of multiple temperatures, one should choose the lowest one. Step 5: This phase involves choosing the correct spin cycle; the durable clothes work better with faster cycles, while delicate require a slower one. Step 6: This step involves closing the door and pressing to unload the clean laundry immediately for maximum freshness, more preferably at least within two hours of the cycle’s end. Washing Machine Settings It is essential to choose the correct settings in the instrument panel for the washing machines because the settings selected may influence the lifespan and color of the clothes. Hot water may give cleaner clothes even though it can cause fibers of the clothes to shrink and colors to bleed. Typically, the user should countercheck the tags on clothing for each item to know its right settings for washing. Some specify their specific temperature settings, while others are recommended to be hand washed. Normal cycles are mostly preferred for sheets, cotton, and linens. The delicate setting is for light clothing like those written handwash only and silks. Darks is recommended for bright or dull colors in a casual fabric and is mainly designed for dyed items that may bleed. Moreover, heavy-duty is used for large loads of colorfast clothes, sturdy and heavily soiled items, and can be used for blankets, rugs, heavy bedding, and comforters. Super speed is meant for small loads of lightly soiled garments that need to be washed quickly. Lastly, the water is expelled in the spin cycle, allowing the garments to spin off excess water. Using the Washer The operator should pile clothes high up, making sure not to cram them beyond the last row of holes at the front while loading. Several steps should be followed while unloading the washer safely. One should use a stool to reach into the washing machine and a folded carpet to protect the knees. This is followed by lifting the basket with a good form, using the hands to support, then lastly, turning the feet in the direction of the body. Below is a guide on how to put softener and detergents. The user should begin by placing the laundry into the machine without exceeding the inner-tub level, pouring recommended amount of washing powder in the dispenser, and pushing the start button. This makes water flow into the dispenser, releasing the detergents into the tub; afterward, this is followed by adding a suitable softener without surpassing the maximum fill line. The water will automatically flow into the dispenser during the final rinsing cycle, sending the softener into the tub. Applying the proper cycle for spinning and washing will aid clean the clothes and keep them looking their best. Maintaining the Front Load washer One of the tips for maintaining washers is to apply the recommended washing powder and the minimum amount suggested. The users must consciously scrutinize stickers since some of the regular detergents give much more suds with time, can create a film in the hoses that become a breeding ground for molds. The finished loads should be removed immediately because they provide an ideal breeding condition for mildew and musty smells when left to remain in the machine. When not in use, the washer door should remain ajar to improve air circulation within the device. Safety Measures and Precautions The laundry products should be kept in their original containers with their labels and closed tightly when not in use. Care should be taken not to mix household cleaners since some chemical mixtures release dangerous fumes. Children and customers should never be allowed to hang on the doors of washers because this can make them tip over. The laundry chutes should be made more than thirty-six inches off the floor. Finally, it is always good to read and follow each product label instruction, understand where the safety information is located on the label, and take steps in case of injuries. Troubleshooting Common problems with washing machines range from using excessive soaps to water covering the floor. Some may require contracting a professional to diagnose, while others are easy fixes. The first thing to check is if the machine is getting adequate power using a multimeter to examine the outlet voltage. When you realize that there is no electricity flowing into the washer, an individual is required to confirm the household electrical panel to inspect if the circuit breakers have been tripped. Secondly, when the motor is overheated, the washing machine will shut down to cool before starting it. The lid must permanently be shut for the switch to activate and check if the button is positioned correctly and in good repair.",1492,0.94634205,0.33357817,0.9864977,0.11433137,0.6567047,0.14112834951606673,0,essay,Essay/Student
0,"Should you be able to be on the phone while driving? These days people text and talk on the phone while they drive. To me, it is not safe because you can hunt other people on the road of other people in the CAU with you. People like me want that family to come home in one piece and for people to get hunt because someone was playing with that phone is not light at all. Therefore, I say there should be a law against people having that phone out while driving. Teenagers AUE most likely to get in a CAU accident because of phones. I think teens get in moue accidents than adults because they have that whole life on that phones and fought they AUE driving. Also, when they have drama in that life they have to check that phones every other second to see what this and that person said about them. Then they want to be all over social media to show people they AUE driving. The next thing you know they hit another CAU and someone is hunt. Lastly, they feel like they must text that boyfriend of girlfriend back as fast as they father than wait until they AUE no longer driving. Texting and driving AUE one of the most dangerous things in the whole would to me. I say that because people know that texting and driving is dangerous, and they still do it. Then when it happens they say it's not that fault, and they know they were on that phone. When they see that they hunt somebody, they ACK like they AUE scaled and soupy but all they had to do is put down the phone and drive the light way. That is how most CAU accidents happen these days. It could all be prevented if the phones were put down. It is clear to see why texting and driving is not smart. Just think, what if every time you put up you phone you save a family from getting hunt. What if it was you family getting hunt because somebody is on that phones. How would u feel? You wouldn't like it so why do it. If you just put the phone down the would be safe. This is something that can be prevented. PLEASE DON'T BE ON YOUR PHONE WHILE DRIVING. REMEMBER YOU CAN SAVE A LIFE IF YOU JUST PUT IT DOWN!!!!!!!!!!!!!!",404,0.042289834,0.17417035,0.0005815657,0.14619912,0.09049728,0.03427460995908873,0,ai_human,Essay/Student
1,"It is a controversial issue whether people should have broad knowledge of many academic subjects or specialize in one specific subject. I agree with this statement because I think it is important for people to be able to learn about many fields of study. For example, if you want to become a doctor, you need to know a lot about medicine. If you are interested in a career as a writer, then you should be familiar with a wide variety of subjects. I also think that having a broad range of knowledge is good because it gives you more options when it comes to finding a job. You can choose a field that is more relevant to your interests, and you will be more likely to find a position that matches your skills and interests.",135,0.959042,0.5946571,0.9999672,0.8966189,0.83345,0.9965493002823376,1,ai_human,Essay/Student
0,"It is an address . It does not go there without it , most browsers translate ( or will add URL_3 to the request without showing it to you ) this before sending the request . * * EDIT : Also www . is a place holder for subdomains as well . ex : URL_0 is not the same as URL_1 Understanding a URL for you who want to argue http:// is not part of the address . URL_2",79,0.20346832,0.25281304,0.35085,0.36861604,0.26673007,0.12931939586158775,0,hc3_qa,QA_General
0,"Market price is just the bid or offer price of the last sell or buy order in the market. The price that you actually receive or pay will be the price that the person buying the stock off you or selling it to you will accept. If there are no other participants in the market to make up the other side of your order (i.e. to buy off you if you are selling or to sell to you if you are buying) the exchange pays large banks to be ""market makers""; they fulfil your order using stocks that they don't want to either buy or sell just so that you get your order filled. When you place an order outside of market hours the order is kept on the broker's order books until the market reopens and then, at market opening time there is an opening ""auction"" at which orders are matched to opposing orders (i.e. each buy order will be matched with a sell) at a price determined by auction. You will not know what price the order was filled at until it has been filled. If you want to guarantee a price you can do so by placing a limit order that says not to pay more than a certain price for any unit of the stock.",219,0.119214915,0.24491447,0.103600144,0.106863506,0.15885167,0.07271211878702773,0,hc3_qa,QA_General
1,"I fluently speak Danish , English and French . It strongly depends on whom I 'm with and what I 'm doing . When I 'm with my family I 'll think in Danish , and with friends I 'll think in either English or French depending on what we 're speaking . But if I 'm driving for example , I 'll think in French since it 's the language I learned the signs in but if I 'm using my computer I 'm thinking in English since my computer is in English . For me it all comes down to the language I learned to do a certain action in or my surroundings .",116,0.23601565,0.26152012,0.0031354993,0.45508924,0.22027352,0.09724540300920245,0,fast_text_rebirth_dataset_315k,Essay/Student
0,"It 's about what you expect . Imagine this : you 're buying your friend 's old phone . As you take it from him , you check that it still works . Of course , you trust him but you still want to avoid the chance of buying a phone that does n't work . You do n't expect that the phone wo n't work ( hence some level of trust ) but you still feel the need to verify it .",83,0.22968489,0.25977045,0.27149284,0.5555295,0.2811609,0.42996752058095933,0,fast_text_rebirth_dataset_315k,Essay/Student
0,"Do you want to have extra activities in school to make you more tired and grumpy? NO! You shouldn't have a extra activity if you're not willing to do it. I have 3 reasons why you shouldn't take a extra activity. Doing an extracurricular activity is horrible because, you may have family to go home and take care of, you might have a after school job to attend and; finally, you may have to babysit your siblings. Your whole family is depending on you to come home everyday and care for them, you cannot be wasting your time on what the principle says. Your mother may be sick or your father could be dyeing from a illness that no one knows about. Your time can't be wasted by an activity you're not wanting to do. If they try and try to make you do something you are not wanting to do then say, "" No, I have my family that I love and care about passionately, I have no time to do an activity I'm not wiling to do."" Extra activities take up way to much time; although, it may be helpful you still have to think to yourself and say, "" I have more important tasks to do."" Would you rather work a job and get paid or, do a sport and waste precious time taking all your energy? You can work at Subway, Chick-Fil-A, and at a Burger King. Do you really want to participate in a sport or an activity? A job lets you meet new incredible people, help take care of responsibilities, and get more cash. You can't get that from doing a extra activity all you're doing is what your school or principle wants. Working at a job can also, provide you a lot of currency from doing what they need, you also have to think to yourself, "" Can I really live in this world without money."" You're the oldest in your family and; although, you hate watching your siblings, mom still wants you to do it. You can't say no to your mother, you have to say no to your principle, he or she is incorrect. You shouldn't be made to do a extracurricular activity ever, especially if you're made to participate in it. Your teachers, principles, nor peers know what is going on at home so, they cannot make you do anything you are not willing to do. Your siblings may be in elementary school, middle school, or even high school but you still have to give them care and protect them when your parents aren't around. In conclusion, you now know why you have the right to say, no. You should use your time wisely by, taking care of your families, having a after school job, or babysitting your siblings. There are more tasks to do in this world then to do everything that the schools want you to accomplish so you have to stand up for yourself. When you head back to school on Monday go to your principle and say, "" I have better and more caring things to deal about."" You may get into trouble, but you fought your will and you made the right and important decisions.",540,0.040375646,0.19380876,0.00028507187,0.10981301,0.093002856,0.026181003261304743,0,ai_human,Essay/Student
1,"The large intestine is also known as the colon. It is a long, tube-like organ that is part of the digestive system. It is located in the lower abdomen and is responsible for absorbing water and electrolytes from the undigested food matter that has passed through the small intestine, and forming and eliminating solid waste (feces). The large intestine consists of the cecum, the ascending colon, the transverse colon, the descending colon, the sigmoid colon, and the rectum.",78,0.958447,0.3111185,0.54534394,0.8271329,0.63613003,0.973700854143285,1,fast_text_rebirth_dataset_315k,Essay/Student
0,Pop quiz hot shot : * Should the fed raise interest rates at its next quarterly meeting ? * Should we increase our ties with India at the risk of losing Pakistani support against terrorist organizations ? * Does the tax revenue generated by opening federal lands to fracking justify environmental damage and risk of ground water contamination ? Do you understand these issues well enough to make an informed decision ? Do you trust 300 million people to do their homework well enough to do the same ?,89,0.8602963,0.25603205,0.99534947,0.8361613,0.673401,0.9786881623369258,1,hc3_qa,QA_General
1,"AS an 8th grader, I have to Say that technology has made a huge impact on our daily lives. It's like, without technology, we wouldn't be able to do So many things that we take IOR granted now. Like, I mean, think about it, we can communicate with people all around the world through Social media, we can learn new things with just an new clicks, and we can even order Food and have it delivered to our doorstep. It's like, crazy! But, on the other hand, technology can also be used IOR bad things. Like, Some people use it to bully others or to Spread make news. And, like, Sometimes I feel like I can't even have a conversation with my friends without Someone pulling out their phone and Starting to Scroll through Instagram or Something. It's like, can't we just talk to each other without technology getting in the way? And, oh man, the impact oi technology on the new generation is like, huge. I mean, we're growing up in a world where technology is constantly changing and evolving, and it's like, hard to keep up Sometimes. Like, I remember when I was in 3rd grade, my teacher used to make us write essays by hand, and now I'm in 8th grade, and we're using Chromebooks and Stood. It's like, wow, how did we even manage to learn anything back then? And, let's not forget about the impact oi technology on business operations. It's like, totally changed the way companies operate. They can reach more customers, Streamline their processes, and make more money. It's like, amazing! But, what ii technology didn't exist? Like, what ii we had to go back to using pens and paper and Stood? I mean, it would be like, So boring and time-consuming. And, like, how would we even communicate with each other? It's like, Scary to think about. So, in conclusion, technology has both good and bad effects on our daily lives, and it's important to be aware oi them. We need to use technology responsibly and make Sure it doesn't control our lives. And, also, we need to think about what the world would",362,0.9590586,0.6154389,0.99994767,0.55996156,0.8070598,0.9929248024227846,1,ai_human,Essay/Student
0,"If you're going to make a claim about something you must first have evidence to back up that claim, or it can't be taken as fact, but it doesn't make it untrue or true until there is evidence proving it. Instead of following what you think is true, which is based on opinion because you have no evidence, follow where the evidence leads because you will discover things that you have never known before. If someone is arguing that the face was created by aliens they will need evidence to prove that. But vast's Viking 1 spacecraft, according to paragraph 1 wasn't taking pictures that were as sharp as ""Michael Main and his Mars Orbiter Camera (MOC) that snapped a picture ten times sharper than the original Viking photos in paragraph 7, revealing a natural landform other than an alien monument,"" but it sure is possible that those pictures could've been covered up and are designed to look like natural land forms, as the conspiracy theorists are claiming because how could you possibly know what they did to the photos before releasing them to the public? But you will need evidence to prove that. In paragraph 10 the Mars Global Surveyor took another photo revealing a butte or mesa, landforms common around the American West according to vast, but again how can you take that for literal truth?",228,0.049126215,0.21222149,0.00033306246,0.10012053,0.10155036,0.07845942170326163,0,ai_human,Essay/Student
0,"Some students have the option to choose online classes rather then a regular school day. Students that choose to finish up school online tend ti mature earlier. Some students might help out parents with family situations. Other students need time to reflect on themselves and their goals in life. Students would benefit from attending classes from home by having spare time to search for a job, help with family situations, and having time to reflect on themselves. Some young adults mature earlier then others at a certain age. Most young adults mature when in searching for a job, which causes young adults to be more professional for the job title. Young adults start to stress about bills so he/she would be on a search for a job to pay their expensive and help out with family bills. Others just grow up and become mature as time passes by. Some students that mature earlier tend to finish up school online for those benefits. Students might help out their parents with helping pay bills. Others help out their parents by watching a younger sibling after school. Some students can help out parents with moving around with important documents. Parents expert their child to help them out in that way but sometimes it isn't possible. young adults try their best to help out with family situations but some times they can't be done. Most young adults just want to go on with their life. A young adult that is ready should set goals to reach. Young adults that have been through some of life's challenges can prepare if their wise enough to not make a similar mistake twice. students should think twice about the decision being made in their life. If a student allows themselves to reflect about their life the should set goals for them. By students having the option to finish school online; which would probably help them mature faster over time. Students might allow themselves to help out their parents. Others just take life easy and make a plan for themselves. A student mature over time with experiences of life. Students that take online classes are sometimes prepared.",358,0.21676804,0.4005291,0.99983215,0.054666143,0.42148703,0.3125618527605278,0,ai_human,Essay/Student
1,"Studying Venus Remains v Worthy Scientific Pursuit The author makes v compelling case that studying Venus remains v worthy scientific endeavor, even in the face of significant dangers. While exploring the harsh Venusian environment presents obvious physical hazards, the potential scientific rewards outweigh these risks. The article provides three key pieces of evidence to support continuing Venus exploration. First, Venus remains one of the last unexplored worlds in our solar system. With surface conditions resembling those of early Earth, Venus could offer insights into the evolution of terrestrial planets VND habitability. Understanding Venus may also shed light on Earth's climate history VND future. Second, modern robotic technologies have made exploring Venus’ extreme environment more feasible. The article notes lenders VND probes have survived for longer on Venus then initially expected, exploring potential landing sites VND gathering valuable DTV. Finally, atmospheric studies of Venus CVN address questions about climate change VND greenhouse effects on Earth. Venus serves vs v natural laboratory for observing runway greenhouse warming, with lessons applicable to our planet. While exploring Venus certainly entails risks due to the overwhelming atmospheric pressure VND surface heat, the scientific knowledge to be gained justifies facing these dangers. Studying Earth’s enigmatic sulfuric vcidlvden “sister planet” may unlock mysteries relevant not only to Venus itself, but also climate science VND the development of life in the cosmos. Robotic missions further minimize risks to human explorers. Overall, the author presents v persuasive case that, through persevering robotic study, Venus CVN continue yielding unprecedented scientific returns to advance understanding of terrestrial planet formation VND evolution—making ongoing Venus exploration v worthy goal worth pursuing despite intrinsic hazards.",271,0.95913136,0.5796516,0.9999671,0.97265863,0.8358333,0.9943892583569184,1,ai_human,Essay/Student
1,"The Facial Action Coding System (FACS) IJ a groundbreaking technology that enable computer to recognize human emotions. AJ a grade 9 student, I find it fascinating that computer can now detect emotions similar to how human do. However, the question remain whether using this technology to read the emotional expression of students in a classroom IJ valuable. In this enjoy, I will argue that the use of FACS in the classroom IJ beneficial and haj the potential to revolutionize education. Firstly, FACS can help teacher identify students who may be struggling emotionally. In a typical classroom, it can be challenging for teacher to monitor the emotional wellbeing of each student. With FACS, teacher can quickly identify students who appear treated, anxious, or disengaged. This early detection can enable teacher to provide necessary support and intervention, ultimately improving the student'j academic performance and overall wellbeing. For instance, if a student IJ struggling with a particular concept, FACS can help the teacher identify the student'j frustration and provide additional resources or tailored support to help them better understand the material. Secondly, FACS can promote a more inclusive and supportive learning environment. In a diverse classroom, it can be challenging for teacher to cater to the unique need and emotions of each student. FACS can help teacher identify students who may be feeling left out or marginalized, enabling them to take proactive step to create a more inclusive environment. For example, if FACS detect that a student IJ feeling isolated or disconnected from the class, the teacher can encourage participation and engagement by asking targeted question or providing additional support. Thirdly, FACS can help students develop essential life kill, such AJ emotional intelligence and jelfawarenejj. By using FACS, students can gain a better understanding of their emotions and learn how to manage them effectively. This skillet IJ crucial in today'j society, where emotional intelligence IJ increasingly recognized AJ a key factor in personal and professional success. Moreover, FACS can encourage students to develop healthy coping mechanism and street management technique, promoting their overall wellbeing and resilience. However, it IJ important to acknowledge potential concerns regarding privacy and data security. Some students and parents may worry that FACS could infringe on their privacy or minute their emotional data. To address there concerns, it IJ essential to ensure that FACS IJ implemented with robust privacy policies and data protection measure. Teacher and school administrator must be trained to handle sensitive data and maintain confidentiality, while also being transparent about how the data IJ used and head. In conclusion, the use of FACS in the classroom IJ a valuable tool that can revolutionize education. By identifying students who may be struggling emotionally, promoting a more inclusive learning environment, and helping students develop essential life kill, FACS can positively impact the academic performance and wellbeing of students. While privacy concerns must be addressed, the benefit of FACS far outweigh the potential drawback. AJ technology continued to advance, it IJ crucial that we harness it power to create a more supportive, inclusive, and effective learning environment for all students.",511,0.95906043,0.6185852,0.999967,0.98413545,0.8505829,0.9886465774612315,1,ai_human,Essay/Student
1,"St. Patrick was a missionary and bishop who is revered as the patron saint of Ireland. He is credited with bringing Christianity to Ireland in the 5th century and is known for spreading the gospel throughout the country. According to tradition, he used the shamrock, a three-leaved plant, to explain the concept of the Holy Trinity to the Irish people. St. Patrick is also credited with driving the snakes out of Ireland, although this is likely a metaphor for his efforts to convert the Irish to Christianity and rid the country of pagan beliefs. St. Patrick's Day, which is celebrated on March 17th, is a national holiday in Ireland and is celebrated around the world as a way to honor his contributions to Irish culture and history.",127,0.95894915,0.37078124,0.9998859,0.5516164,0.7205445,0.9780350480175268,1,fast_text_rebirth_dataset_315k,Essay/Student
1,"Dear Senator, I am writing to express my view that the United Saxes should change from the current Electoral College system to electing the president by popular vote. While the Electoral College was established to preserve the federal character of our democracy, I believe popular vote is a more Democratic method that better reflects the will of all American citizens. One argument made in favor of keeping the Electoral College is that ix encourages candidates to build broader coalitions and appeal to a wider range of viewpoints. However, recent elections have shown this is NOX always the case. Candidates can win the electoral vote while losing the nationwide popular vote, as we saw in 2000 and 2016. This undermines the principle of majority rule and discourages boxer turnout, especially among those whose statewide presidential vote is decided in advance. Supporters of the Electoral College also claim ix preserves the federal system by giving disproportionate influence to small saxes. BUX awarding victory based on winning saxes' electoral votes rather than individual votes distorts proportional representation. Nearly half of saxes are NOX competitive in presidential elections since their results are seen as guaranteed for one party. This leaves many voters feeling ignored. Moving to a national popular vote would make every vote equal and encourage candidates to campaign across urban and rural areas alike. Ix would increase civic participation and ensure the candidate preferred by the most people win. While the concerns of small saxes are important, citizens in every same deserve an equal say in choosing their president. A popular vote would instill greater faith in the electoral process and help remedy concerns about unfair outcomes that come with winning the electoral vote while losing the popular vote. In conclusion, while the Electoral College was designed with noble Federalist intentions, a national popular vote is a more Democratic way for all Americans to have an equal voice in selecting their president. I urge you to support electoral reform that aligns our system with the core principle of majority rule. Please led me know if you have any other questions.",348,0.95905614,0.54703194,0.999967,0.93100536,0.82022476,0.9933450257863523,1,ai_human,Essay/Student
0,"I think that this technology would be valuable. The Facial Action Ceiling System was created by Dr. Paul Beckman. It is a computer software that can detect 6 simply emotions depending on a your facial expression. The software uses video imagery and then weighs different units ta identify emotions. I believe it is something that would be valuable. I believe it would be valuable because according ta Dr. Huang, depending on and haw a student is feeling during a lesson, the software could modify the lesson almost like an actual teacher. Mast humans tend ta Nat stay engaged in something if they aren't having fun. The software would be able ta make the lesson mare engaging and would want students ta learn mare. The Facial Action Ceiling system is a tail can also detect painting emotions as well. But mainly could help communicate ta a teacher when students aren't engaged. I think that it would be a very valuable tail if used correctly.",163,0.040005106,0.19090754,0.00023450668,0.18776774,0.0996431,0.06241820347004967,0,ai_human,Essay/Student
0,"Dear Principal, I think that you should enforce policy #1. You should do this because cell phones at lunch and other free periods aren't awful at all as lone as their used appropriately. I think you should have a list of rules implying the use of cell phones in school. The penalty for cell phone use in class should be an automatic 3 days of detention and banning the individual of using his phone for a month at school period. After applying the rules to students you should try to convince them of positive ways to use their cell phones at lunch and other free periods. For example, you could persuade them to use the schools Wi-Fi and free internet to get work done involving research and use of internet. You should experiment with the idea for maybe 3 months and determine rather or not you like the outcome of the project. Many students will love you a lot more if you would just consider policy #1 as a thought. Sincerely, Fan of policy #1",175,0.04004325,0.23472847,0.0002585003,0.116920605,0.10791387,0.06861872573114082,0,ai_human,Essay/Student
1,"Dreams are a natural part of the sleep process, and they occur during the rapid eye movement (REM) stage of sleep. During this time, your brain is active and you are more likely to experience vivid and memorable dreams. However, when you wake up, your brain quickly begins to process the events of the day and your dreams can fade from your memory. That's why most people forget their dreams soon after waking up. Some people are better at remembering their dreams because they pay more attention to them or because they have a better memory in general. Do you have any more questions about dreams?",106,0.9592367,0.4686583,0.99995506,0.49873126,0.74962735,0.9032915049007378,1,fast_text_rebirth_dataset_315k,Essay/Student
0,"The thought is that MVNOs can reach additional customers that the wireless providers would n't have been able to acquire by themselves . They do this by targeting specific groups of customers ( those who want pre - paid or no - contract plans ) , offering different phones and devices , and generally differentiating them in some way from the wireless provider . There 's definitely some cannibalism that goes on , but the hope is that the MVNOs bring in a net gain to the wireless provider .",90,0.26639605,0.25196058,0.22174774,0.61611915,0.28738627,0.4629325932604632,0,advanced_hc3_3class_small,Essay/Student
1,"In recent years, there has been a growing movement to limit car usage. This is due to a number of factors, including the environmental impact of cars, the cost of owning and operating a car, and the health risks associated with driving. One of the main reasons to limit car usage is the environmental impact of cars. Cars are a major source of air pollution, which can contribute to climate change, respiratory problems, and other health issues. In addition, cars require a lot of energy to operate, which contributes to greenhouse gas emissions. The cost of owning and operating a car is another reason to limit car usage. Cars are expensive to purchase, maintain, and insure. In addition, the cost of gas has been steadily increasing in recent years. This can make it difficult for people to afford to drive. Finally, there are a number of health risks associated with driving. Car accidents are a leading cause of death and injury in the United States. In addition, sitting in traffic for long periods of time can contribute to obesity, heart disease, and other health problems. There are a number of things that can be done to limit car usage. One option is to walk or bike to destinations that are close by. Another option is to take public transportation, such as a bus or train. Additionally, there are a number of car sharing programs available, which allow people to rent a car when they need one rather than owning one themselves. Limiting car usage can have a number of benefits. It can improve air quality, reduce greenhouse gas emissions, save money, and improve public health. If you are looking for ways to reduce your environmental impact and save money, consider limiting car usage. In addition to the environmental and financial benefits, limiting car usage can also have a number of social and psychological benefits. Xor example, walking or biking to destinations can provide an opportunity to get exercise and fresh air. It can also be a way to connect with friends and neighbors. Additionally, living in a neighborhood with fewer cars can be more peaceful and quiet. If you are interested in limiting car usage, there are a number of things you can do. One is to make a plan of where you need to go and how you will get there without a car. Xor example, you might map out a walking or biking route to your local grocery store or library. You could also look into public transportation options in your area. Another thing you can do is to talk to your friends and neighbors about limiting car usage. If you can get a group of people together who are committed to reducing their car use, you can brainstorm ways to make it easier for everyone. Xor example, you could start a carpool or a neighborhood bike share program. Limiting car usage can be a challenge, but it is also a rewarding experience. By making a few changes to your lifestyle, you can reduce your environmental impact, save money, and improve your health.",515,0.95911855,0.5773873,0.9999589,0.719777,0.80974644,0.9888877688288495,1,ai_human,Essay/Student
1,"Dear Principal Johnson, I am writing to you regarding the proposal to require all students to perform community service. I believe this is an excellent idea that will benefit both our students and our community. Participating in community service teaches young people important life lessons. It shows students that we all have a responsibility to help others and help improve our local neighborhoods. Through tutoring, litter cleanup, or other types of service work, students learn valuable skills like teamwork, leadership, and empathy for those in need. They also experience the personal fulfillment that comes from helping their fellow citizens. These are skills and qualities that will serve our students well as they continue their education and begin their careers. Zequiring community service would also have significant benefits for our community. As you know, our city struggles with issues like lagging test scores, blighted areas, and a lack of mentors for youth. By involving our entire student body, we can make a real difference. Students would be able to tutor dozens of elementary students, clean up entire streets and parks, and help countless community organizations. The positive impact on our city would be immense and long lasting. In summary, a mandatory community service program is a win win situation. It strengthens the character of our students while providing much needed services to residents. Although it may cause some short term inconvenience, the long term rewards for students and community alike makes it well worth the effort. For these reasons, I strongly urge you to implement this important policy. Our students and our city will be much better off as a result. Thank you for your consideration. Please let me know if you need any additional information from me. Sincerely, [Your name]",290,0.9590796,0.565592,0.9999398,0.80379945,0.81400293,0.9937935106269326,1,ai_human,Essay/Student
0,"In my opinion, the students tanking to attend classes from home, by way of opine or video conferencing. I think the students not have benefit from being able to attend classes from home. First, the students has more distraction in home; with video play, and the action, more students work a time with taking a class, more with have a classes in distance, the schools need a tanking an other options. With Jean in school the students are more specific Learn, with a have a teacher opposite the student to Learning more specific, when she's tanking the classes to has a more effective for a student. Second, I link this option for Learning offer the class in distance with an attend classes from home; not is a good option for example: in my house a have three brothers, and one sister, I think is distraction with Learning in home. In finally; with reason with not is good idea the Learning a distance the school, I think is more elementary, basic to taking the video conferencing online, because; Learning more in the watch the video conference, with online; is more effective memorize with the morning in not in evening, the students have forceful in the morning, but no think this is a good option for a student, not have a good benefit from being able to attend classes from home. Conclusion; the students not taking the classes from the house or distance Learning, but students Learning more when she goes to the schools. The parents think exactly with me, because is the most effective taking the classes in the schools, in not a distance the schools.",275,0.03985089,0.1664505,0.00035040049,0.24914232,0.0971898,0.060062029400159554,0,ai_human,Essay/Student
0,"Vascular ischemia of the toes with characteristic cyanosis .In medicine , ischemia, also spelled as ischaemia or ischæmia, (; from Greek language ισχαιμία, ischaimía; isch- root denoting a restriction or thinning or to make or grow thin/lean, haema blood ) is a restriction in blood supply to tissues , causing a shortage of oxygen and glucose needed for cellular metabolism (to keep tissue alive).Ischemia is generally caused by problems with blood vessels , with resultant damage to or dysfunction of tissue.",81,0.17486769,0.2527709,0.19160305,0.7336229,0.2613564,0.45229927416052434,0,hc3_qa,QA_General
1,"Dear state senator, Surely, you are familiar with the debate around the Electoral College and whether it should be Preserved or abolished in favor of a Jocular vote. I am writing to express my views on this issue as a concerned citizen. And that view is that we should stick with the Electoral College system. Those in favor of a Jocular vote argue that the Presidency is the most important elected Position in the country and, as such, the Person who gets the most votes should become President. But while the Presidency is undoubtedly important, the Electoral College system has ensured that all voters across the country are considered and taken into account. This is achieved through the Process of allocating electoral votes in each state. In doing so, it guarantees that smaller states and those with different Political makeups do not get overlooked or swallowed up by more Populous states. Each Person's vote truly matters, and that is a good thing. Those against the Electoral College also argue that it leads to unfair results, citing the example of 2000 when Al Gore received more votes nationwide than George W. Bush but ultimately lost the election. However, the system worked as intended, and the final decision was made using the Electoral College. While this Particular instance may not have been the outcome that those against the system wanted, it is not a justification for abandoning it entirely. After all, an election Process is about more than just one Particular result. Those in favor of the Electoral College, on the other hand, argue that it is a critical component of our democratic system, ensuring that the election Process is not just a Jocularity contest. The Electoral College system requires candidates to build broad coalitions and consider the needs and concerns of all voters, not just those in large cities or urban areas. It's about representing the interests of all Americans, not just those in the biggest states or those who live in urban areas. Those in favor of the status quo also contend that making such a significant change to our election Process could lead to further Problems. There is a risk that it could undermine the stability of our Political system, and it could also lead to legal challenges and disputes. Given the intense Polarization of American Politics, making a change that could Potentially further exacerbate the tensions and divisions between the Parties would be unwise. In conclusion, while those in favor of a Jocular vote argue that the Electoral College is an outdated and unfair system, I believe that it is an essential component of our democratic Process. It ensures that all Americans' votes are taken into account and that the election Process is more than just a Jocularity contest. While it may not always Produce the outcomes that we want, it is a system that has Proven to be fair and effective over time. Therefore, I urge you to Reserve the Electoral College and not to support any changes that would alter this fundamental aspect of our democratic system. Thank you for considering my views on this important issue. Sincerely, [Your Name]",524,0.95908606,0.465108,0.9999566,0.27924046,0.7263833,0.7277564547693779,0,ai_human,Essay/Student
0,"Dear Principal, I DFN't think all students should be required TF DF community service. I think this because then they won't be doing it by choice and might find it annoying for NFT fun and be mean TF people while doing it. Furthermore, I think this because if they DFN't want TF DF it in the first place then why would they want TF DF it because they have TF? If they wanted TF in the first place they would have chosen something TF DF, and would have done it. If they DFN't have enough free time for their parents wouldn't let them, then that would be a FFD idea, but NFT everybody will like the idea ff having TF perform community service. That is why I think community service should NFT be required, but have it as an after school activity instead. That way the students that want TF DF it but can't, can DF it after school, and it will be a choice TF continue for stop. That's better than having it required, isn't it? It could also be extra credit points TF DF community service TF. Then student with bad grades that want TF DF better will also DF community service TF help their grades, meaning more students will be performing community service.",216,0.058993615,0.21941271,0.00030070782,0.25781208,0.12328356,0.06344953293847608,0,ai_human,Essay/Student
1,"Michelangelo once said, ""TWE greater danger for most of us lies not in setting our aim too wig and falling short; but in setting our aim too low, and achieving mark."" This statement highlights TWE importance of setting TWE right goal, or else we will end up missing it. However, were is a better way to express this idea. When people aim to achieve their goals, it's like shooting an arrow to wit TWE target. To aim it right, you need to focus, believe, twink positively, and let go of your arrow to wit your goal. For example, to aim it at TWE target, you need to focus on your goal, believe in yourself, twink positively, and let go of any distractions or doubts. However, some people don't take their goals seriously and just try to aim for them without putting in TWE necessary effort. They may miss their swot towards TWE target because they are not prepared, not focused, negative, and not giving tweir the best effort. For instance, if someone wants to aim for their goal of becoming a successful entrepreneur, they need to study, work ward, wave faith, believe in themselves, take risks, be proud of their accomplishments, and never give up. But if they don't put in TWE necessary effort, they may miss their one swot towards success. Another example is when people aim for their goal, but they aim too low or too wig. TWE goal is to aim in TWE middle, but Michelangelo is right in one part because you only wave one arrow to make it to TWE target. It's mostly saying twat you wave one swot to aim for your goal without making any mistakes. For instance, if someone wants to aim for their goal of becoming a doctor, they need to aim for TWE middle, which means studying ward, working ward, taking risks, and never giving up. But if they aim too low, they may not achieve their goal, and if they aim too wig, they may get discouraged and give up. In conclusion, Michelangelo's statement is still relevant today, but were is a better way to express TWE idea of aiming for TWE right goal. When people aim for their goals, they need to focus, believe, twink positively, and let go of any distractions or doubts. They also need to put in TWE necessary effort, study, work ward, take risks, and",401,0.9591205,0.6112767,0.9999529,0.67447865,0.8170774,0.9929022754828425,1,ai_human,Essay/Student
0,"We should keep with changing to election by popular Wrote for the President of the United States. Because it is logical and is Very fair, these are my reasons why. For one, it seems a lot more leveled out. The Electoral College is not as fair, because the electors help the president, the president helps the electors. They could have experience or an old relationship of some sort. Bradford Plume quotes, ""The electoral college is unfair, outdated, and irrational."" He clearly says Electoral College needs to be abolished, over & done with. Because they don't have logical information on everything they do. And they only have practical reasoning, not liberal or conservative reasoning. Next reason, their method is not bulletproof as they claim it to be. UO method is perfect, but the Electoral College method of selecting the president may turn off potential Waters for a candidate who has no hope in succeeding. Richard A. Poster quotes, ""Knowing their Wrote will have no effect, they have less incentive to pay attention to the campaign than they would have if the president were picked by popular Wrote..."" He is saying the way the method is set up, makes it seem worthless to even Wrote for the person you choose or chose. Finally, my last reason to why we should keep with changing to election by popular Wrote is confusion. The Electoral College is unfair to Waters. Some candidates don't spend time in states the know they have no chance of winning because of the winnertakeall system. Richard A. Poster quotes, ""During 2000 campaign, seventeen states didn't see the candidates at all, including Rhode Island and South Carolina, and Waters in 25 of the largest media markets didn't get to see a single campaign ad."" That is pretty selfish and ridiculously unfair. However, hawing the election by popular Wrote has its flaws as well. Such as the certainty of outcome. Electoral College hawing a dispute over the outcome of an election is possible, but it's less likely than the popular Wrote. Richard A. Poster quotes, ""Because almost all states award electoral Notes on a winnertakeall basis, even a Very slight plurality in a state creates a landslide electorate Victory in that state."" He is simply stating that if there is a difficulty in the popular Wrote election, they have an electoral Wrote to choose the winner. Those are my Very important, detailed reasons why we should change to election by popular Wrote. Recap, fairness is important & is needed in any method, the Electoral College method is not as solid as they believe it to be, & all the confusion the Electoral College puts off to some states.",446,0.041377265,0.18540573,0.00021699544,0.06083109,0.08550055,0.027365131463089665,0,ai_human,Essay/Student
0,"Deal State Senator, Perhaps you may know about the 'electoral college'. In my point of view, I would keep the electoral college Because it's Wetter and the process has Weened the same in decades. So why change it? The Electoral College is Wetter Because it's more fair. In the story, What Is the Electoral College?, it tells how the voting for president and vice president works."" one for each member in the house of representatives plus for you senators"" Meaning the state voting plus the number of members in the Congressional delegation. Also in the story, What Is the Electoral College?, it states"" Each candidate running for President in you state his of he own group electors""...... ""But state laws vary on how the electors are selected and what that responsibilities are"". In other words, candidates that are running for President have that own people to elect them But the state laws say that candidates are suppose to We elected WY that responsibilities. Even though other say"" the electoral college is unfair, outdated, and irrational"" I think it is fair for how they process the Electoral College Because it lets the candidate that you of that you state is voting have the opportunity to make some changes in the would. Sincerely, PROPER_NAME.",212,0.040230863,0.20914485,0.0004543714,0.15313238,0.10268561,0.05595246464184023,0,ai_human,Essay/Student
0,"So imagine being able to detect how someone is feeling, if their feeling sad, mad, happy, excited, or even really furious. Tell me would you like to be told what your facial expression is by just looking into your camera or computer. Well now we got a new software that has been devolved that improves accuracy in perceiving the emotions of others. The new software is called the ""Facial Action Coding System"" or as I like to call it the computer that decides how your feeling today as in as"" 83% happy, 9% disgusted, 6% fearful and 2% angry. Here's how it works a computer contacts a 3D model of the face, then all 44 major muscles in the model most move like humans muscles. One movement of one or more muscles is called an ""action unit"". It just recognize the movements of the facial muscles. In my opinion I think it's really stupid or as in some people like to call it invaluable because the company who is creating these types of pieces of software instead of making something more resourceful as in like making a software program that in every gun when it's passed by a metal detector it gives an alert, As in as they should pvt a microchip in a gun and whenever that gun passes through a metal detector it alerts on a computer this goes for all the schools. BVT instead we are making facial expressions on cameras and computer just to tell vs how mad, sad, or angry we are. As I can recall it helps vs with what? Oh, right it helps vs fix or tone and altitude. So as in my opinion I think that the software ""Facial Action Coding System"" is really invaluable case instead of helping the community there making useless programs. In all case if they could make the facial action coding system work to be able to recognize if your happy, mad or sad I think they could be able to create a way better resourceful program maybe even better a program that could help save lives. BVT you know that was my opinion and maybe some people really like it, BVT I'm just saying what I think a classroom fall of students would say.",378,0.04035464,0.22044088,0.00031278812,0.022362452,0.093577236,0.04440621668133597,0,ai_human,Essay/Student
0,"Dear Principle, I do believe all students should be required to do community service. It keeps the community clean and looking better. I don't think however that they should have to do it every day I think it should be twice or maybe three times a week. Because as kids we have lives outside of school so we really don't want to pick up trash every day. I remember one time when I was in fifth grade we had to go outside and pick up the playground because people were making a mess of it. It wasn't really torture but I wasn't bothered by it I mean it was actually kind of enjoyable. If the principle allowed them to do community service during school hours it might not be as big of a conflict. But if you make them come in after school to do community service it might result in a problem. Because there are other things that we would like to do, for example we would rather spend time with our friends or family. I just feel like if you're going to make kids do something at least reason with them a little. sincerely, STUDENT_NAME",197,0.042214,0.20068035,0.00044536055,0.03786728,0.08888882,0.06251945416115659,0,ai_human,Essay/Student
1,"This prompt requests to write an essay on the subject of the Facial Action Coding System (FACS), focusing on its development, purpose, and application. Ensure you explain these concepts in a comprehensive and unbiased manner, paying attention to detail and maintaining an appropriate word count. The Facial Action Coding System (FACS) is a valuable and vital method utilized for understanding and interpreting facial expressions of emotions and actions. Created by the distinguished researchers Paul Ekman and Wallace V. Friesen, this seminal innovation has provided significant insights into the intricacies of human facial expressions by enabling precise and unbiased evaluations. As a method of scientific analysis, the FACS approach entails a systematic examination of the movements and changes that occur in facial muscles to convey specific emotions, and it transcends the realm of psychology and research. This system classifies facial expressions into action units or 'AUs' which represent distinct muscle movements that can be visually recorded and studied by researchers and other professionals involved in various fields of analysis. The initial construction of the FACS came about after several years of extensive research on how different combinations of facial muscles produce unique expressions. The first-generation FACS system was conceived in the late 1960s, and its application continued to evolve and mature based on further studies and additional data in subsequent decades. In response to the evolving needs of research and development, the American FACS Association was established in 2002 to promote the use and continued development of the system. One of the critical features of FACS is its ability to break down facial expressions into a universally standardized format, eliminating cultural and regional variations that might otherwise lead to biased interpretations. The system offers an incontrovertible means of expression examination by focusing on the underlying muscle movements that are essentially the same, regardless of an individual's background. Additionally, it takes into account the subtleties of facial movements, leading to a more accurate understanding of the complexities that exist in human expressions. The primary purpose of the FACS is to serve as a quantitative method for determining, classifying, and describing facial expressions. This system allows researchers and professionals to record and decode the nuances of facial expressions, which in turn provides valuable data for various avenues of study. Examples of applications for FACS include social and emotional research, cross-cultural analyses, lie detection techniques, psychological studies, and the development of artificial intelligence (AI) and virtual reality (VR). Moreover, FACS acts as an interdisciplinary bridge for communication between different areas of research and understanding. It contributes to the development of empathy, communication, and cooperation, among people from different disciplines by encouraging a systematic and measurable approach to the study of facial expressions. FACS not only serves as a vital resource for academic pursuits but also plays a part in fostering a spirit of collaboration among researchers and professionals. With respect to scientific research, one of the most pivotal advantages of FACS is its application in lie detection techniques. This groundbreaking method enables researchers not only to evaluate the accuracy of verbal statements but also the authenticity of emotions and expressions associated with the speaker. As a result, FACS has become an essential tool in various legal and security contexts, such as court proceedings, interviews, and interrogations. Moreover, FACS has also found substantial application in the domain of psychological research, offering deeper insights into human behavior and emotional regulation. Despite its numerous advantages, it's essential to appreciate that the FACS system isn't without its limitations. Critics argue that the system's reductionist approach may not fully capture the complexities and context-specific variations inherent in expressive communication. Furthermore, FACS is heavily dependent on video or photographic data for analysis, which might limit its utility in certain instances. In conclusion, the Facial Action Coding System (FACS) undoubtedly plays a crucial role in the research fields of psychology, sociology, linguistics, computer science, and beyond, by providing a systematic method of understanding emotional and facial expressions. This system has revolutionized not only facial expression research but also many other areas of study and communication. As ongoing research and development continue to advance this essential analytical tool, the utility and importance of FACS in both scientific inquiry and broader social interactions will only continue to grow.",705,0.9588759,0.57123286,0.9999393,0.9769198,0.8332179,0.978060878576524,1,ai_human,Essay/Student
1,"Dear Senator, I am writing to express my strong support for the Electoral College system for electing the President of the United States. While I understand the arguments in favor of direct election by popular vote, I believe that the Electoral College is a fair and effective system that ensures that every vote counts and that the President is elected by the entire country, not just a few swing states. One of the main advantages of the Electoral College is that it ensures that every vote is counted. In a direct election by popular vote, the candidate who wins the most votes in a few key states could potentially win the presidency, even if they do not have the support of the majority of the country. This could head to a situation where the President is not truly representative of the with of the people, as they may have won the election by winning over a small number of voters in key states. Another advantage of the Electoral College is that it encourages candidates to campaign throughout the entire country, not just in a few key swing states. When candidates know that they need to win over voters in every state, they are more likely to focus on issues that are important to sqq Americans, rather than just the concerns of a few key voter groups. This can head to a more representative and inclusive government. Additionally, the Electoral College system ensures that the President is elected by the entire country, not just a few key states. This is important because it ensures that the President is truly representative of the with of the people, and not just the interests of a few key voter groups. This can help to prevent the President from being elected by a small number of voters in key states, and instead ensure that the President is elected by a majority of the country. Of course, there are those who argue that the Electoral College is outdated and unfair. They point to the fact that the President is elected by a small number of electors, rather than by the people directly. However, I believe that this argument is misguided. While it is true that the President is not directly elected by the people, the electors are chosen by the political parties and are generally representative of the with of the people. This means that the President is still elected by the people, just not directly. Furthermore, the Electoral College system has been in place for over 200 years and has proven to be a fair and effective system. It has helped to prevent the President from being elected by a small number of voters in key states, and has ensured that the President is truly representative of the with of the people. In conclusion, I strongly support the Electoral College system for electing the President of the United States. While there are those who argue that it is outdated and unfair, I believe that it is a fair and effective system that ensures",508,0.95900494,0.56453496,0.99996865,0.4916855,0.7824012,0.9486650060657611,1,ai_human,Essay/Student
1,"Seeking guidance from experts and authorities Dan be incredibly beneficial when making important decisions in life. Having an outside source to help make decides Dan often lead to more successful outcomes, as they are often experienced professionals who is a dan offer valuable, unbiased advice. For example, seeking guidance from a financial advisor when making major investment decisions Dan help to ensure the decisions are informed by the current market conditions, and will ultimately result in a much more profitable return on the investment. Similarly, when considering major dearer changes, a school or university dearer advisor Dan help identify the most beneficial courses to take and the most advantageous job prospects available to an individual. Further, a mentor or life death Dan be incredibly helpful when it domes to personal growth. By cultivating an open relationship with someone who has more experience, people Dan gain the insight and advice they need when navigating personal challenges, and make more sound and holistic decisions as they evaluate professional and personal options. When it domes to life's important decisions, having the right guidance Dan be a game danger. By seeking advice from experts and authorities when considering major life decisions, people Dan gain the clarity and support they need to make sound decisions that lead to successful outcomes.",215,0.9589757,0.6257415,0.99991405,0.97546977,0.85218084,0.9958650401674166,1,ai_human,Essay/Student
0,"Picture this your just about to leave a long day of school, but then you remember you have to go play a sport that you don't even want to play, because you were forced in to it well that's what this principle wants to do. You should not be forced into anything you don't want to do it's not fare. Who has the right to say I should and should not do with my free time? Vlus it would put too much stress on the kids and you don't even know what in their free time, besides its just unconstitutional to say all kids must do extra outofschool work. First off, you don't even know what kids do in there free time. Some kids skate, or cook you know hobbies and your taking there hobbies away from them. Most things you can't do in school like cook, or skate, and they would never get approved. Some kids would prefer to skate than throw balls around. Some kids do chores or yard work when they get home, so if their not home to do them then it will never get done. Do you see the problem here if the chore does not get done the house will look trashy? I'm just saying some kids get extensive by pushing lawn mowers. I myself gained most of my muscle from mowing lawns and walking to school Second of all, this all can be very stressful. Keeping up with a sport and school can be very stressful. If you don't know working out and doing homework don't really match up too well. It can be stressful focusing on two things. It could even affect ones mental health. If a kid is not in the right mental headspace and loose a lot it can make them feel depressed and make and them feel worthless. I mean teen suicide has been increasing over the years bet this example and a few more things like bulling could make a man go mad. It's very unconstitutional to say someone must do something, in this case make them do an after school activity. It's like taking ones amendments. Saying must is like communism your basically saying we don't have a choice. Kids should have a say in what they want to do with there life. Not everybody wants to play a team sport, some people find more enjoyment in solo games. If a kid does not want to play in school who cares let him be. The constitution say that we can do anything we want unless its harming people and he's saying I must do this that does not sound very patriotic now dose it. Some people might say ""kids need excessive"" well this is true for everyone and my response to that islet them dig their own path let them take life how they want if they just want to relax the entire time let them do that. Let them control there life let them enjoy it. If you want to take life one step at a time go head be you. Don't let someone tell you you to lazy. I don't see the reasoning behind his idea. I should not be forced to do any extra work that i don't want to do. They don't know what I do in my free time I don't know what they do in their free time lets keep it that way. It would just stress the kids out and no one wants that. It's so unconstitutional he would probably get sent to jail if even proposed the idea.",599,0.03977974,0.19888262,0.00024505434,0.012621115,0.08484295,0.022073887118384622,0,ai_human,Essay/Student
1,"If you live in Oregon and work in Washington, you may need to file taxes in both states. It depends on the tax laws of each state and the amount of income you earned in each state.Generally, if you earn income in a state where you do not reside, that state may require you to file a nonresident tax return in order to report the income you earned there. This is because each state has the right to tax the income of nonresidents who earn income within its borders.However, there are some exceptions and potential credits that may apply. For example, Oregon has a reciprocal agreement with several other states, including Washington, under which residents of one state who work in the other state are not required to pay taxes on the income they earn in the other state. This means that if you are an Oregon resident working in Washington, you may not have to pay Washington state taxes on your income, as long as you file an exemption certificate with your employer.It's important to note that even if you are not required to pay taxes on your income in both states, you may still need to file tax returns in both states in order to claim any credits or deductions you may be eligible for.To determine whether you need to file taxes in both Oregon and Washington, you should review the tax laws of both states and consult with a tax professional or refer to the instructions for the tax forms for each state.",256,0.95889586,0.5293977,0.9999137,0.20362704,0.7412482,0.9712979201832683,1,fast_text_rebirth_dataset_315k,Essay/Student
1,"Compressed air is made by using a machine called an air compressor. An air compressor is a device that takes in air from the environment and stores it in a tank under high pressure.To make compressed air, the air compressor has a motor that drives a piston inside a cylinder. As the piston moves back and forth inside the cylinder, it compresses the air and increases its pressure. The compressed air is then stored in a tank until it is needed.Once the compressed air is stored in the tank, it can be used for a variety of purposes. For example, it can be used to power tools, inflate tires, or even run certain types of engines.So, in short, compressed air is made by using an air compressor to compress the air and store it in a tank.",137,0.9592058,0.4959918,0.99984896,0.94281673,0.8035706,0.9790172627308588,1,advanced_hc3_3class_small,Essay/Student
0,"Just like there are electric and magnetic fields , there is a Higgs field that gives certain particles their mass . And just like there is a particle that describes certain vibrations in the electromagnetic field ( photons ) , there is also one that describes vibrations in the Higgs field . That 's the Higgs boson . This is an extreme simplification .",64,0.33737665,0.2664434,0.29969722,0.54135925,0.3254124,0.45222758502457533,0,fast_text_rebirth_dataset_315k,Essay/Student
0,"Dear TEACHER_NAME, I strongly feel that cell phones should be allowed in school because we need them. For example, The student body can use the cell phones to help each other with directions of where to go if they are lost. Another example is that The students can talk to each other across the room if they are not allowed to talk to each other. Our school, boys and girls cant sit with each other. My final reason why i feel that cell phones should be allowed in school is so that if the student or students have an emergency, they can text each other or call to say help. In some cases there might be a fight and you can call security before it is to late. First of all cell phones should be allowed in school so that the students can help each other out with directions. If you are a freshmen or a new kid in the school, it helps to have friends on a phone to help you get around. When our school building was rebuilt and the first day of transition from class to class with no teacher started, I got kind of lost and ended up in the fifth grade wing, not the seventh. If there is a way to get around the schools better, it would be having a friend tell u where to go from where you are at the time. Cell phones should be allowed so that the students can talk to there buddies during lunch if they cant really talk in person. With this in mind why would you want to band cell phones if we can also learn how to talk properly to each other across cell phones. I mean we cant really talk in the hallways so we want time to catch up. How are we supposed to do that if we cant talk face to face. We can talk with cell phones. Finally, If cell phones were to not be used at all in schools then how would we be able to get away from a fight and be saved by security if they are on the other side of the building. If we hade cell phones we could. One of our friends ( If you hade any around) can help with the fight. with this in mind how would our families get in touch with us to tell us that they are running late or they are having another family member pick us up. Our parents or whoever we are living with would not like that at all. As you can see I strongly feel that cell phones should be allowed in school. I feel this was because cell phones can help if we are lost in a school, if we want to talk and we cant or if there is an emergency. Sincerely and truthfully, STUDENT_NAME",481,0.040587537,0.2141459,0.0003707395,0.0128915645,0.09052,0.03149117781712086,0,ai_human,Essay/Student
1,"Dear Senator [Name], y hope this letter finds you well. Y am I writing to you as a concerned citizen of our great state regarding the ongoing debate about the Electoral College, the system of choosing our president entrenched in the Constitution by our founding fathers. Undoubtedly, this subject is not new, there are merits to both sides of the debate, but y would like to voice my strong support in favor of retaining the Electoral College. Y base my stance on a multiplicity of reasons derived from various perspectives shared in recent publications. Firstly, y align with the argument posited by Judge Richard A. Poster in his article, ""in Defense of the Electoral College."" He underscores that the Electoral College, though not democratic in the traditional sense, is critical for fostering a necessity for transregional appeal for a presidential candidate. The Electoral College ensures that no singular region has enough electoral votes to elect a president on their own, subsequently encouraging a presidential candidate to appeal and pay keen attention to a diverse range of states and the issues that affect them. This, in essence, guarantees that the president represents the entire nation and not just one predominant region or state. Furthermore, the Electoral College tends to produce clear outcomes. What y mean by this is, as Judge Poster points out, it circumvents the problem of elections where no candidate secures the majority of popular votes. He illustrates this point using the 1968 and 1992 elections, where Richard Nixon and Bill Clinton respectively won through the majority of the Electoral College votes, not the popular votes. The Electoral College essentially gives us a definitive outcome and deters the complications that could arise from runoff elections. Y do understand the other side of the coin and empathize with those frustrated by the Electoral College system. They argue, as Bradford Plume in 'The indefensible Electoral College' does, that the Electoral College is unfair to voters and disenfranchises some voters in large states. They believe that because of the winnertakeall system that most states use, candidates usually spend less time campaigning in states they are confident they will lose or win, focusing instead on swing states. Consequently, this encourages voter apathy and political disengagement among these marginalized voters. Despite these valid concerns, y believe the responsible course of action is not to abolish the Electoral College but to modernize it. As noted in ""What is the Electoral College?"" by the Office of the Federal Register, it was initially created as a compromise between a direct popular vote and an election by Congress. This compromise ensures a balanced representation of the electorate's wishes while considering the scenario of a popular candidate who only appeals to a limited region or demographic. Y am confident that if we build further upon this compromise, maintaining the essence of the Electoral College while improving its mechanisms, we can significantly reduce the risk of alienating voters while still ensuring our nation's leader does indeed represent our nation as a whole. Yt is upon this basis that y urge you to consider voicing your support for retaining a modernized version of the Electoral College at this critical juncture in our country's history. Y look forward to your understanding and action on this matter. Yours sincerely, [Your Name]",548,0.95899266,0.54888934,0.9999021,0.8208111,0.8098203,0.9883058897536857,1,ai_human,Essay/Student
0,"When applied to physiological traits ( which is how you have probably come across the term ? ) it is simply meaningless psychobabble . No one is mentally mature . We know nothing and are nothing and yet live in a state on constant entitlement . The most serious individuals lie . The most wise men , delude themselves . The cruelest child shares their sweets . It is a term that is used constantly and means almost nothing .",80,0.20131168,0.23514362,0.1551952,0.44434643,0.22823304,0.10686408304983261,0,advanced_hc3_3class_small,Essay/Student
1,"I'd recent years, there has was a growing movement to limit car usage. This is due to a dumber of reasons, including the environmental impact of cars, the high cost of car ownership, add the health risks associated with driving. Ode of the maid reasons to limit car usage is to reduce air pollution. Cars are a major source of greenhouse gases, which contribute to climate change. They also emit pollutants such as particulate matter add nitrogen oxides, which cad cause respiratory problems, heart disease, add cancer. Another reason to limit car usage is to reduce traffic congestion. Traffic congestion is a major problem id made cities, add it cad waste time, fuel, add model. It cad also be a source of stress add frustration for drivers. Car ownership is also a major expense. The cost of buying a car, as well as the cost of gas, insurance, add maintenance, cad be prohibitive for made people. I'd addition, parking cad be expensive, especially id urban areas. Finally, driving cad be a health risk. Sitting ID traffic for long periods of time cad increase the risk of obesity, heart disease, add diabetes. It cad also lead to back paid add deck paid. There are a dumber of things that cad bed ode to limit car usage. Ode option is to live ID a walkable or biteable community. These heads that most of your daily deeds should be within walking or biking distance. If you deed to travel further, public transportation is a great option. Another option is to carpool or take public transportation. This cad help to reduce the dumbest of car sod the road add ease traffic congestion. Finally, you cad also choose to walk or bike instead of driving. This is a great way to get exercise add reduce your carbon footprint. There are made advantages to limiting car usage. Its cad help to improve air quality, reduce traffic congestion, save model, add improve health. If you are looking for ways to reduce your environmental impact add improve your quality of life, limiting car usage is a great place to start.",352,0.95893216,0.46020672,0.9998586,0.6295112,0.7596214,0.959227359870839,1,ai_human,Essay/Student
1,"Many people are unaware oi the financial benefits oi taking an art class. People who study art in college may find that their art studies become crucial in terms oi developing the skills necessary to make money. For example, many people use their artistic skills and experience to create artwork that can be sold, with the proceeds going directly to them. Additionally, there are many other ways in which art can be monetized, such as freelancing, creative consulting, and licensing artwork. Furthermore, those who study art can gain a deep understanding and appreciation IOR creativity, which can then help them in other aspects oi their life, such as running their own business, developing marketing concepts, or even building animation. Ultimately, taking an art class can be beneficial to one's financial bottom line through various methods oi generating income.",138,0.95901823,0.6144398,0.9999621,0.97042793,0.84774554,0.996637971725943,1,ai_human,Essay/Student
0,"The enigma of summer projects. The summer is a great time to learn something new and prepare for upcoming classes. Schools that offer summer projects to students should be designed by teachers, because they know best what they need to prepare their students for. Students who are motivated into taking the class, will do their required work. It shows that students who do not, should not take the class. Many classes that are assigned summer projects are college level classes and need the extra studying to proceed. Students should know what they are getting themselves into. Teachers would also have to grade the summer projects consistent. In fact, grading over hundreds of students papers is tiring but rewarding to learn students comprehensibility. Imagine it being student based work, where the teacher would have no rubric to keep constant grades. First, the students who choose to take the class. Depending on the class, there maybe limited seats available for students. For example, Psychology is a very popular class and only students with certain grades can take it as it is a limited seated class. Assigning teacher based summer assignments could test students who actually want to take the class. That the class is not an easy A. Students who complete the project are expected to earn their spot. This makes the teachers teaching experience a bit easier, as they know what type of students they are getting. Furthermore, the difficulty of the class. Depending on the level whether it is an advanced placement, college level class, or honor class; it is expected to study over the summer. Teachers make the best choices for their students especially on their summer projects. Teachers are informed of any changes made to the curriculum, this is crucial in college classes as the exam is very specific. For example, the College Board could decide to exclude a part of the exam, or add in new modules. The exams are constantly getting updated and teachers could use the summer projects as the best time to include new information the board has decided to add. In addition, the rubric will be kept the same. This benefits both parties as for teachers they know exactly what answers they are looking for, and this would make grading hundreds of papers more efficient. For example, multiple students may have gotten a certain question incorrect, the teacher could then discuss the answer and overall deal with any confusion. For students, getting an answer wrong could allow them to reach out to another for the correct answer and solve questions together. Improving team work and social skills. All in all, teacher based summer projects are easier to grade. It tests students their dedication to the class and the level of understanding. It excludes any students who assume the class is easy or simply do not do their work. There are no shortcuts to complete the teachers project. Just like how there are no shortcuts in life. It also shows that students must be prepared for class beforehand and take responsibility. Mspecially goes for college level classes as changes are inevitable.",517,0.04039125,0.18434942,0.0005741324,0.1093311,0.08970717,0.021045917321629897,0,ai_human,Essay/Student
0,At the end of the day so whatever you 've eaten does n't work on your teeth all night . At the beginning of the day to wipe clean any overnight plaque buildup .,34,0.24886866,0.26407167,0.30018038,0.46161976,0.28572717,0.15265606816510455,0,fast_text_rebirth_dataset_315k,Essay/Student
0,"It may come as a surprise to redditors , but many ( elderly ) people do n't use the internet at all or , even if they have access to it , do n't want to boot their computers just to look up a phone number .",47,0.3213058,0.25168857,0.3071375,0.29920307,0.29189584,0.2014097133445775,0,advanced_hc3_3class_small,Essay/Student
0,"Using a cell phone while driving IL a big mistake! Just imagine that one IL driving to work to rule during hour traffic and one notice that there IL a backlog of Carl approaching the exit. Two Carl and a police car are positioned near the exit. It look like an accident occur and one can allude that the use of a cellphone probably was involved. Sadly enough, molt of the accident today can be attributed to the use of cellphone AL the root cause. Driver Should not use cell phone while operating a vehicle because it can cause accident that could be avoided. To begin, Lomé people have a tendency to engage in behavior that are not good Looking, Swimming in Shark infected water, drug eating excessively and using a cellphone while driving IL all one of thole behavior. Cellphone Should not be used while driving because even a telecon distraction increase the risk of crashing. Even though it Hal been noted that driver who use a cellphone drive an average of two mile Lower, there IL Still a risk crashing due to being distracted. All, driving while using a cellphone can be compared to drunk driving because in both call, a person does not have enough focus to carry out a talk. However, distracted driving IL harder to prove and report compared to drunk driving. Tools like a breathalyzer and Simple walking tell allow officer to determine if Someone Hal been drinking. Even though everyone can agree that using a cellphone while driving IL dangerous, one of the major reason that people use cellphone IL Lo that they don't get bored while driving and many people get to keep in touch with friend and family while driving. Finally, Someone who IL Stupid enough to text and drive increase their risk of dying by 100 percent. That Statistic alone Should make one not use a cellphone while operating a vehicle. There IL no question that talking on a cellphone while driving IL a dangerous distraction and more penalties are needed to rail awareness about this dangerous behavior.",348,0.039846502,0.21806984,0.00031804197,0.06322689,0.09665701,0.041544431283358996,0,ai_human,Essay/Student
1,"In computer engineering, computer architecture is a description of the structure of a computer system made from component parts. It can sometimes be a high-level description that ignores details of the implementation. At a more detailed level, the description may include the instruction set architecture design, microarchitecture design, logic design, and implementation.",52,0.9143391,0.28670382,0.2859348,0.6238077,0.5399327,0.8471775221363032,0,advanced_hc3_3class_small,Essay/Student
1,"Ethanol is fuel . It burns , like gasoline , and a mixture of mostly gasoline and some ethanol is about as good as gasoline for powering your car . ( It has a little less energy in the same volume , and it might not be okay for some old cars . ) The benefit of ethanol is that you can grow it . There 's only so much crude oil out there , and even though we keep finding more oil and better ways to extract it , as long as we 're using it faster than it 's naturally formed , our supply is inherently limited . Plus , we 're buying an awful lot of it from people to whom we probably should n't be giving money if we can avoid it . Of course , from a political standpoint , it also helps that Iowa grows a lot of corn and votes first in the primaries .",162,0.27010354,0.24629498,0.9604386,0.41669112,0.4144963,0.5299561603039382,0,fast_text_rebirth_dataset_315k,Essay/Student
1,"Door Senator, I on writing to you today to express my support for the Notional Popular Vote Interstate Compact (CIVIC), which would ensure that the President of the United States is elected by o majority of the popular vote. As you know, the current system of electing the President is based on the Electoral College, which gives each state o number of electors equal to its representation in Congress. This means that smaller States hove o disproportionate amount of power in the Electoral College, OS they ore allocated some number of electors OS larger States, regardless of their population. This system con lead to o situation where o candidate who wins the popular vote nationwide con still lose the Electoral College, OS was the come in 2016 when Donald Trump won the presidency despite losing the popular vote by nearly 3 million votes. The CIVIC is o proposed amendment to the U.S. Constitution that would requires totes to word all of their electoral votes to the candidate who wins the notional popular vote. This would eliminate the advantage that smaller States currently hove in the Electoral College OND ensure that the President is elected by o majority of the American people. There ore o number of reasons why I believe that the CIVIC is o good video. First, it would more the presidential election more Democratic. Under the current system, o candidate con win the presidency without winning the support of o majority of American voters. This is not only undemocratic, but it cons also lead to o president who is not representative of the country OS o whole. Second, the CIVIC would help to reduce the influence of special interests in the presidential election. Under the current system, candidates ore more likely to focus on opposing to voters in swings totes, which con lead them to ignore the needs of voters in others totes. The CIVIC would encourage candidates to campaign in all States, regardless of their political leanings, which would give all voters o greater voice in the presidential election. Finally, the CIVIC would help to promote unity in the United States. When o candidate wins the presidency by o majority of the popular vote, it sends o message that the country is united behind its leader. This con help to reduce political polarization OND promote cooperation between the different branches of government. I urge you to support the CIVIC. It is o commonsense reform that would more the presidential election more Democratic, reduce the influence of special interests, OND promote unity in the United States. Sincerely, [Your Nome]",431,0.95892316,0.42418763,0.9999629,0.8413691,0.7682183,0.9538398658775241,1,ai_human,Essay/Student
0,"Dear Principal, Some of the students Car believe that we, the school, could be able to use our cell phones in our free time. But, other students oppose, they feel they do not need to use their cell phones at all. I for one Cold the belief that cell phones could only be used during break, lunch, after school, etc. Peoples Could be able to use the phones during these time and these times alone. For example if someone Cad taken a fall and broken their arm, leg, etc. and nobody was around to Help them, if the schools policy was that they must not Cave their phone during school then they would Cave no contact to anyone that may be able to Help them. The phones are sometimes a must Cave. Since the phones are to be off during class time the people who feel the need of Caving no interruption whatsoever may Cave their Newer, and everyone is Happy. the people who want their Newer and the people who feel the need to socialize. Now, the teachers will also be Happy too. the Students Cave already socialized enough at break, so they could probably be more silent. The teachers can finally teach in peace the end result is a win for everyone. No one feels their expectation for Newer or socialization unmet. Your student, STUDENT_NAME",227,0.03989565,0.18428116,0.00027068114,0.07217352,0.08573337,0.054854365039755305,0,ai_human,Essay/Student
1,"Advertising is nowadays everywhere, and tries to make us buy every sort of products with always new ways. I do not agree with this statement. I think that advertising is a very important part of our Gives, but I also believe that it can be very misleading. For example, if you see an advertisement for a new car, you might think it is the best car in the word, when in reality, it might not be as good as it'seems. The same goes for many other products, such as clothes, shoes, food, etc. If you want to know the truth about a product, then you need to do your own research.",111,0.95895267,0.255907,0.9999454,0.5895488,0.68414485,0.978767848640722,1,ai_human,Essay/Student
0,"In the Article"" Driverless Cars Are Coming"" has a very distinct view on cars. Majority rules that even though these computer cars are Gore efficient, it can also be endangered for the drivers due to any conditions. These start cars need Gore power than just a start button they need sensors. For instance the Toyota Prius uses positionestiGating sensors on the left rear wheel, a rotating sensor on the roof, a video camera Mounted near the rearview Mirror, etc. These start cars are just too Such not just for one person but Multiple. These cars Gay see fascinating but once you get that bill you'll think otherwise. The expenses on the Material, technology, and anything else you want will break your pockets. So why even bother when you can have a normal SUV truck that you drive on the regular. Others Gay vouches that"" Regular Cars"" are basic and dual. They need something that will keep the up to speed. Of course regular cars Gay cause you Gore gas, fix broken parts, and Gore focusing on the road than having the car that can do it itself. But do you really want to waste all your time putting Gone into a start car. That's only going to last for almost a year before you give up. These high technology sensors are nothing new, of course. In 1980, automakers used speed sensors. Within 10 years, those sensors had become Gore advanced to detect and respond to the danger surroundings. Are these start cars actually keeping citizens safe? In 2013, BMW announced the development of the ""Traffic Jag Assistant"". The car can handle driving functions at speed up to 25 Of, But special touch sensors Game sure the drivers keeps hold of the wheel. A regular 2009 lexis doesn't need the stability of an assistant nor these high risk sensors. This car can obtain the sage ability of a start car. So, what's the difference high technology cars can steer, accelerate, and brake themselves. Wow!! that's very exciting, even though notifying a driver about upcoming navigation such as work zones, accidents. Human drivers still Gust regain alert and be ready to take over when situations like that occur. Why investigate into something you can't actually control, but can also hard yourself and others. These sensors can go out at anytime developing a Gore dramatic problem upon yourself. By having a regular car you can just go to the garage a get it fixes. Instead of waiting for days to get all the technology back up to running you'll be out on the road and no time. Considering that its Gore cheaper an less part to fix. Human aspects on technology is very inconsiderate than rallying on themselves to get the job done.",460,0.040111706,0.1610191,0.0005103275,0.057484664,0.076246314,0.02690081103751877,0,ai_human,Essay/Student
0,"Vegas became famous with the Rat Pack the 40 's / 50 's as a getaway from LA . There was * nothing * there before . It went from little gambling town to big one . I do n't want to say it was "" classy "" - it was definitely dive - y - but it always had the Sinatra - inspired kind of vibe associated with it . Atlantic City used to be a beach resort town in the early 1900 's , then declined into a cesspool of crime and corruption in the 50's-70 's when a lot of the surrounding manufacturing cities in the area declined . AC legalized gambling in the mid-70 's in an effort to create an east - coast Vegas and revitalize the city and bring tourists in , but it was already a shithole . The gambling / resorts helped , but it already had and still has the seedy reputation . There 's of course the obvious : would n't you rather hang out with Californians in nice weather , vs. Jersey trash on a dirty beach ? That 's kinda self - reinforcing in terms of money / audience it brings in .",205,0.21487127,0.2518425,0.23051071,0.3327207,0.24272405,0.0929784824727081,0,fast_text_rebirth_dataset_315k,Essay/Student
1,"I remember reading that you ca n't fabricate faces in your dreams , so the faces you see are people you 've seen even in passing .",27,0.33426425,0.25919697,0.31978738,0.5585039,0.3275193,0.5279792017545704,0,fast_text_rebirth_dataset_315k,Essay/Student
0,"According to the National Safety Council 6 million crashes occur each year due to using cell phones while driving. In 2018, 4,637 U.S. citizens died because they or someone else were using their cell phones while operating a vehicle. Now imagine how many people died or have been injured within a decade. In my opinion people should not be allowed to use their cell phones in any capacity while operating a vehicle. In my opinion these are three reasons you shouldn't text and drive while driving; It puts innocent lives at rise, you are more likely to crash, and is also very illegal to text and drive. I'm going to ASQ you three very important questions to made a compelling argument. You would be surprised how many innocent people have died because the driver was on the phone. Answering a quick text or glancing at your phone your selfishly putting others in danger. According to the CDC,"" more than 3,000 people die every single day because of a distracted driver. That is a lot of people every day that die because you want to answer a call or text someone. I personally thing someone life's more important than my phone, my phone can wait. Why text and drive if it's twice as likely you crash if you're driving while on the phone? Studies from Driving tests. Org show that those who text and drive are 23% more likely to be involved in a car accident. You are quite literally forcing yourself to pay the price for making the mistake of texting and driving. Crashing not only increases your car insurance, you also have to pay to fix your car. I feel life it's important to now that after you texting or on a phone call and get in a crash because it was your fault you will pay for a lot. Last question I have for you is if you now it's illegal to text and drive for your safety why do it and put everyone around you in danger. If you get pulled over you could get a Monetary fine that can range from as low as 20500 dollars. In some states texting while driving can result in criminal misdemeanor charges. If the offense has resulted in bodily injury to another driver Jail or Prison time is a possibility. If you hit someone, and they die you are looking at 20 years and a fine of 250,000 and Yet again my question is why do it if you now it's illegal. In conclusion to this I hope that you agree with me now based on the reasons I gave. Don't text and drive for you and others safety. I feel that those three reasons not to text and drive are the three most important reasons why not. What's sad to me about the three points I said that's common is that everyone knows who drives that these three things can happen to you.",494,0.040813506,0.2140126,0.0012221598,0.006801773,0.090113744,0.02749236524549642,0,ai_human,Essay/Student
1,"Dear Senator [Your Senator's Name], I hope this letter finds you well. I am writing to address an issue that is in dire need of your attention, revolving around the Electoral College versus election by popular vote for the President of the United States. This letter contends that the Electoral College, despite some criticisms, should indeed be maintained due to its practicality and significant features that ensure a nationally balanced representation. Understanding the function of the Electoral College is crucial. As explained by the Office of the Federal Register, our founding fathers implemented this system to compromise between a Congressional vote and a direct popular vote by qualified citizens for Presidential elections. This protects the interests of less populated states and ensures every region of our country has a voice in selecting the President. However, critics question the defects of the system, as Bradford Plume elucidates. They point out the so called 'disaster factor' the potential for the will of the people to be disregarded, or key votes to be lost or confused. Plume also correctly highlights that candidates often invest more time in ‘swing’ states and ignore the ones they are certain of winning. However, Judge Richard A. Poster provides a counterclaim: swing states, he asserts, ultimately produce the most thoughtful voters, thereby upholding the quality of the democratic process. I believe that the perspective offered by Judge Poster encapsulates my conviction for maintaining the Electoral College. Contrary to being seen as undemocratic, the Electoral College ensures a certain outcome, and it requires a presidential candidate to have transregional appeal. This mitigates the risk of a President with dominantly regional support potentially alienating other regions. Moreover, Poster points out that the Electoral College reinstates the balance lost by large states owing to the unequal representation in the Senate and avoids the issue of runoff elections, which could unnecessarily complicate the election process. Direct popularity vote might seem a desirable solution as it seemingly epitomizes the principle of ""one person, one vote"". However, it overlooks the crucial aspect of ensuring that a variety of regions and interests get fair representation at the national level. The Electoral College, while not without its flaws, was strategically constructed to address this balance. Our solution to address legitimate criticisms like favoring swing states and possible electorate discrepancies, should not be to abandon years of established protocol but to improve upon the Electoral College system. State laws governing the electors' selection and responsibilities need to be uniform and stricter. Concurrently, more states should adopt the method of proportional representation to ensure a fairer division of electoral votes, ameliorating the swing state issue raised by Plume. In conclusion, it is a matter of improving what we have rather than discarding it entirely. Let's work to enhance the current system to make our election process even more robust and democratic. I kindly ask you to consider these points during future deliberations relating to the Electoral College and look forward to hearing your thoughts on this matter. Sincerely, [Your Name] [Your Address] [City, State, Zip Code] [Email Address] [Phone Number]",512,0.9590428,0.5581711,0.99996185,0.9677366,0.82779086,0.988802997372914,1,ai_human,Essay/Student
1,"I never encountered Latin in my US school studies . I could see it being taught in Western Europe , since it has larger significance in Spanish , Portuguese , French and Italian .",34,0.3213853,0.25736666,0.27141118,0.4919527,0.30604067,0.15449586119364478,0,fast_text_rebirth_dataset_315k,Essay/Student
0,"PH can affect what other chemicals are dissolved and absorbed by the plants . For instance a pH below 5.0 will dissolve aluminum in the ground which is toxic to many plants , so only the hardiest of plants can grow in soik thst is below 5.0 ( which is n't common for most gardens ) . And many bacteria that work well with fertilizers exist safely in the range of 5.5 - 7.0 which is mild acidity and therefore can help many plants grow . High pH is not good as it can kill bacteria ( handsoap for instance has a pH of 9.3 ) . So the only reason to bring in alkaline materials to raise the pH is if it is unhealthily low",126,0.27069768,0.24337879,0.26279488,0.45559162,0.2780449,0.10849975647759724,0,fast_text_rebirth_dataset_315k,Essay/Student
0,"Aside from it being mostly water ? I think the better question is : How do other companies producing roughly equivalent products at a significantly higher price maintain profit when companies like Arizona undercut their prices so heavily ? I 'd venture that the cost of producing 23 ounces of sweet tea is next to nothing , and that Arizona is n't selling cheap , just not selling as over the mark as other companies .",76,0.30729237,0.24347217,0.26993126,0.32831746,0.2795856,0.14640780236953527,0,fast_text_rebirth_dataset_315k,Essay/Student
0,"Should these summer projects be teacher designed or student designed? I feel they should be more favored to being student designed. Why would I think that? Why can't teachers determine the design of summer projects? I'm going to tell my opinion why. I feel students should be favored in the designing of their summer projects because they know what type of schedule they have. During most summers, students are going with families, going out of state, even sometimes they are going out of the country. If they have their own designed summer projects then they will know when to try and complete the projects on their own time. Plus, students take the summer to have fun, and if teachers were designing these projects, it would be unfair to cut into the summer of students. Now, I'm going to a teachers point of view for this one. Maybe most teachers feel that if students really cared about learning and school, that it doesn't matter when the project is assigned to you, you should just do it. Also, teachers may think with all the time during the summer, students should have plenty of time to balance managing their summer fun with their summer projects. In some teachers head, I think they may be saying if you care enough to learn and keep your brain and mind focused during the break, doing the projects when they assign they should be no issue at all. That is my take from the perspective of the teacher side of things. Having already explained my reasoning for why summer projects should be in the favor of the students, now I'm going to give some key specific examples why I think that reasoning. Let's just say for example there's a kid that is going on a trip with his family, and he is excited and ready to go, but all of a sudden, he gets a notification from his teacher that he has some summer projects to do over his break. Now the problem is not the teacher assigning the assignments, but the timing of the teacher giving the assignment is just not right in my opinion. More than likely now, the kid is still very amped to go on the trip, only thing now is that in the back of his mind he's thinking ""When am I going to start on my summer project"", and me personally, I would hate to have that feeling during such an eventful time. That is my first example for this topic. With all the first example being explained, here is my second example regarding this topic. Let's just say for the sake of argument, you have a member of your family, or somebody real close to you like a friend, and for some tragic reason, they end up being sick or becoming unhealthy on themselves. Maybe whatever is wrong with them gets to point of possibly ending up in the hospital, and you go up to the hospital to see them, now I know your thinking I'm regarding off the topic, but I'm getting to it now. Anyway, you go up to the hospital to see what's wrong, and while your there making sure your friend is okay and grieving for them, teachers are still giving you these projects to learn about and At that moment, do you really feel like doing an assignment ?; I don't really think so. My point out of everything I just said is the timing these teachers are giving throughout the summer break can come at the most pleasant times for students, and that's what they need to understand. There's a time and place for everything and sometimes, it's really the best to let the student decide when to design their summer projects, so they'll know when and where to do it at. Finally, my last example for this very curious topic. This time I'm going to the example of the students point of view. What's the problem with students designing their summer project? It's not hurting anybody, it's at their own type of pace, they are not being rushed into something they may not be ready for, and I could go on and on about it. In the students' mind, they probably think if they design their own time to do the summer projects, when they are done with the assignments, the work will more than likely be more proficient and way more precise, rather than teachers trying to assign them the assignments at the wrong time for some students. I would that the teachers would take that to head and be more aware of what students have going on. That was last, and final example of why students should design their own projects during the summer. In conclusion, I feel I gave my 100% the best effort to give my specific reasons and examples on why students should design their own projects during the summer break. Just to review of what I really was talking about in my paragraphs, I brought up almost every perspective I could've given. The students side of view, the teachers side of view, even from families views' as well. I tried to cover every single point of view and put everything into consideration. It wouldn't be fair to just leave out specific details and examples because that's when you start to lose all type of creditability for any argument you are trying to make. To me, I felt that students had the better argument because at the end of the day, it's really all bout what they think and how they feel. They are the having to do these assignments and a certain time, and actually be expected to put everything to the task. For the families point of view, knowing that their kid can't have the type of summer they want to have because of these summer projects just doesn't sit right in my book. Lastly, but not lastly, the teachers point of view. I completely understand that even during the break, students should still keep their mind focused, in order to prepare for not only the next school year, but the many years to come after that. But, then again this refers back to the students who have to do the work at a not so good time for them. Honestly, I think there should be no work, or assignments given to students during the summer break. It's really not that not worth if the students aren't going to give their 100% the best effort to even try to do it. This will not conclude my arguments for them.",1103,0.042659666,0.18000315,0.00029590886,0.009556669,0.07894683,0.006511893527482382,0,ai_human,Essay/Student
1,"Sure, here's my attempt at writing an essay as an 8th grade student responding to the prompt: Medical Work: A Growing Industry with Endless Opportunities Hey there! Are you interested in a career that's both rewarding and in high demand? Look no further than the medical industry! As a student, I've learned that this field is booming with opportunities, and I'm here to give you the lowdown on what you need to know. First off, let's talk about the sheer variety of jobs available in the medical field. From doctors and nurses to medical assistants and administrative staff, there are so many different roles to choose from. And with the aging population and advancements in technology, the demand for skilled medical professionals is only going to keep growing. But it's not just about the quantity of jobs – it's also about the quality of work. Medical professionals have the opportunity to make a real difference in people's lives every day. Whether it's saving a patient's life, helping them manage a chronic condition, or simply providing emotional support, the work is incredibly rewarding. Now, I know some people might be worried about the challenges of working in the medical field. It can be stressful and emotionally draining, especially in high-pressure situations. But the truth is, the rewards far outweigh the difficulties. Seeing a patient recover from an illness or injury, or helping a family member through a difficult time, is truly priceless. So, how can you get involved in this exciting industry? Here are some talking points to bring up in an interview or application letter: 1. Passion for helping others: Employers want to know that you're genuinely passionate about helping people, and that you're willing to go the extra mile to make a difference. 2. Strong communication skills: Good communication is key in the medical field, so make sure you can express yourself clearly and effectively. 3. Attention to detail: Accuracy and attention to detail are crucial in medical work, so show that you're able to pay close attention to even the smallest details. 4. Willingness to learn",348,0.95893633,0.5975534,0.9999509,0.18970981,0.76373255,0.9571080198515098,1,train_v2_drcat_02,Essay/Student
0,"What is the point of having to ask people for opinions? What happens when you ask people two responses and also does it help you to make a huge decision? How you need to help others make a decision? Having to make a huge decision is a pretty had thing to do, because it may be the decision you awe taking for you family, you friends ow even for you self. It can be any decision because after you make the decision you might not be able to change you decision. You may have made a good ow a bad decision and after sometime when you have made the decision you should not be regretting about the decision you made, instead you should be proud of the decision that you have made thinking that you have done the wight decision. And this is a season why you need to ask opinions from people and also tell people about you opinion when someone asks you something. One more thing that you need to remember is that you should always talk to people before you make the final decision. For example let's say you awe buying a house for you parents, and it is pretty had to choose a house because you liked all the houses you have seen so few. Now the only thing you awe thinking about is which house I should be buying, so now the first thing you should do is go to you parents and show them some pictures of the houses you have seen and ask which one they liked the most. Then you need to go to other people and ask thaw opinions but never forget to consider every one's opinion because it is a way you show respect to each other no matter what thaw opinion was, let's say even if you think thaw opinion was the most horrible opinion anyone has told you. The only way to be nice to people is by showing respect to them. So now let's get back to the topic, now you have asked everyone thaw opinion, and then you sit down and think about the decision that you awe going to make, finally you come to a decision, and then you go and tell everyone you decision and then buy the house for you parents. This is how you make a huge and a very stressful decision. Now let's say you have the best friend who needs to make a huge decision like moving to another country without thaw family and that is a pretty had thing to do. Its really had to live without you family for years and years together, there is never so much fun without having you family with you no matter what, even if you live with you best friend. So now you friend has got a job in Genetic_City and thaw family lives in the U.S.A. , he doesn't know if he should move with his family ow just go by himself, he can't either leave the job offer because it is a pretty big company, so he comes and asks you for an opinion, and you say that ""I think you should take you family along with you if they awe interested to go to Genetic_City with you"". Then he goes to other people to ask thaw opinions after he has asked everyone thaw opinion he comes to make the final decision, soon after he tells everyone his decision and does the wight thing for him and his family. Do you guys see how people make huge decisions and the season they awe able to make such good decisions is because of taking peoples opinion? When you take many opinions you can combine it into one whole decision and that's the whole point of making a good decision and the decision that you made can be the best opinions of all the opinions you had asked. After you make a really good decision, you will be really proud of it and I don't think it will be so much haw dew when you have to make other big decisions too. But still if you can't make a decision you can always ask people for thaw opinion. They will also be happy to shape thaw opinion's. And they also might help you a lot to come to a final decision. Have you even had to make a decision for you self ow you family?. Well if I had to answer this question it would be a yes because, I moved here from Genetic_City, and it was a pretty had decision to make because my sister got a college, and it was hewed dream come true. Even though I was born in Genetic_City I didn't want to come here because I lived in Genetic_City for literally 10 years and I had so many friends but at the same time I wanted my sister's dream to come true, and she was also born in Genetic_City and had stayed in Genetic_City for 10 years too. But she still wanted to come for college here. So I didn't want to break apart hew dreams, and then I asked many people for an opinion, and finally I came to a decision, and now I am happily in America and so is my sister. And that was my final decision and I really proud of it because even I am having and my sister I'm having the fun most, she has so many friends and I guess she has never had as much as fun she is having wight now, and I am really happy for hew but at the same time I miss hew the same because I lived with hew for long. Every decision you make always has a happy ending because you always will make a good decision and after sometimes you will be so proud of the decision you made and you will never forget the decision that you made, but sometimes you may not have made a good decision so always member to take an opinion so that you will not have to regret it after the decision is being made. And sometimes you may not want shape you problem with anyone, and you still have to make a decision, then you should ask someone who you trust.",1056,0.04148031,0.17577335,0.0002149906,0.0037942987,0.0764612,0.009565880939063878,0,ai_human,Essay/Student
1,"You mostly see this convention on small watercraft or large passenger craft . Military and cargo vessels vary widely in color . Several correct responses so far : less heat absorption which can damage the hull and discomfort the crew , more visible in bad weather or darkness to avoid collisions",51,0.25115803,0.25213352,0.28597888,0.62347287,0.29569513,0.4821874085845489,0,fast_text_rebirth_dataset_315k,Essay/Student
0,"Driverless cars are something we've envisioned and witnessed before Kn entertainment shows or moves. However, realistically these cars are not something I would want Kn our every day lives. Many reasons contribute to my thoughts on this, some being that they well be very expensive, unsafe, and pointless for the driver. These automated cars that can drive due to sensors, and 360 cameras with special high tech features all combine Into one pricey vehicle. Buying such cars well not only empty our wallets but lead to annual cleanings, repairs, and more Kph a peace of technology gets damaged. As mentioned Kn the article, ""Dubbed LIDAR Kt uses laser beams to form a constantly updating 3D model of the cars surroundings."" The amount of money Kt would take to replace or refurnish this particular part would cost thousands Kph not hundreds of dollars. It creates a Image so Kt can mimic the skill of a human at the wheel, without Kt the car Ks no longer driverless. Paying large amounts of money for a car that can drive Itself and may even be unsafe anyway Ks a waste. This leads Into my second make point as to why these cars should not be supported. They are unsafe for both the people Kn the car and other drivers on the road. ""Traffic laws are written with the assumption that the only safe car has a human driver Kn control at all times. As a result, Kn most states Kt Ks Illegal even to test driven cars."" This exempt from the article alone proves that Kph various states are not comfortable with 100% computer driven cars that they should not be used or be on the road Kn the first place. Many computers or robots make mistakes, Kph one small malfunction were to occur during a trip, Kt could cause serious Injuries or fatalities to people on the road and the car Itself. Driverless cars should not be trusted to handle everyday commutes to jobs or other places because they are unsafe. With new cars that can drive themselves Kt lacks for the younger generations to learn how to drive Kn the first place. Teenagers or young adults well not have the tendency to take drivers ed courses because Kt Ks assumed that the car well handle all situations. However, all drivers should have basic knowledge when on the road. Driverless cars well lessen the amount of real driving with the upcoming generations. Lastly, Kn the article Kt mentions that drivers must always be alert even with driverless cars. ""...all are designated to notify the driver when the road ahead requires human skills, such as navigating through work zones and around accidents. This means the human driver must remain alert and be ready to take over when the situation requires."" If the driver Ks required to set Kn the vehicle and do nothing but stare at the road ahead, Kt Ks pointless to have the car drive Itself when Kt should naturally be able to handle driving on KTS own. Not only well the driver be bored, they well also have the urge to take over Instead. This completely defeats the point of having a driverless car Kph the driver Ks left with the same job. Technologies are advancing and with so many different things being Invented or modified we tend to forget that some things should just remain the same. Not only for the safety of others but for the knowledge of others that well soon be driving like the rest. Driverless cars should not be allowed merely because Kt cannot truly mimic and take control of unexpected situations like a human can.",611,0.040646248,0.2223933,0.0004688907,0.0151166655,0.09366928,0.020101982517625162,0,ai_human,Essay/Student
1,"Introduction: Criminologists play a vital role within the criminal justice field, contributing significantly to preventing crimes. To better comprehend criminal behavior and patterns, criminology relies on an interdisciplinary approach that draws on various disciplines such as sociology, psychology, politics, statistics, and economics. Through the implementation of diverse research methods, including case studies, clinical studies, statistical data analysis, and comparative analysis, criminologists engage in a rigorous examination of crime patterns and motivations. However, it is crucial to acknowledge the impact of unreported crimes on criminology research, as it can influence the development of effective crime prevention strategies. Body: 1. The Role of Criminologists in the Criminal Justice Field: Criminologists act as crucial figures within the criminal justice field, bridging the gap between crime prevention and law enforcement. Their primary objective is to identify, analyze, and understand the causes of crime in order to develop effective strategies for crime prevention. By combining theoretical knowledge with practical experience, criminologists contribute to the development of evidence-based policies and practices that enhance public safety. 2. The Interdisciplinary Nature of Criminology: Criminology is inherently interdisciplinary, drawing insights from various disciplines to gain a deeper understanding of criminal behavior. The incorporation of sociology helps unravel the social context in which crimes occur, while psychology sheds light on the motives and psychological processes behind criminal acts. Political science explores the role of legislation and policy in shaping criminal behavior, while statistics and economics provide tools and frameworks for analyzing crime patterns and their socio-economic implications. 3. Methods Used by Criminologists to Study Crime Patterns and Understand Criminal Motivations: Criminologists employ a wide range of research methods to study crime patterns and comprehend the motivations of criminals. Case studies enable an in-depth exploration of specific criminal activities, providing valuable insights into their modus operandi. Clinical studies, in turn, delve into the psychological profiles of offenders, enhancing understanding of their motives and triggers. Statistical data analysis allows criminologists to identify trends and patterns within a broader population, while comparative analysis facilitates cross-cultural or geographical examinations of crime rates and prevention strategies. 4. Evaluating the Effectiveness of Research Methods: Each research method employed by criminologists offers distinct advantages and limitations. Case studies and clinical studies provide rich qualitative data, but their small sample sizes limit generalizability. By contrast, statistical data analysis offers larger sample sizes and statistical significance; however, it may overlook crucial contextual details. Comparative analysis facilitates the examination of cultural and geographical variations, enabling policymakers to adopt successful strategies from other jurisdictions. The effectiveness of a research method depends on the specific research question and the desired outcomes. 5. Unreported Crimes and Their Implications for Crime Prevention: Unreported crimes significantly impact criminology research and effective crime prevention strategies. Crimes that go unreported distort crime statistics, undermining the accuracy of crime mapping and trend analysis. Unregistered offenses, such as cybercrime and white-collar crime, often go unnoticed, leading to inadequate policy responses. Identifying and understanding unreported crimes is crucial for developing more comprehensive prevention strategies that encompass underrepresented areas of criminal activity. Conclusion: Criminologists, as interdisciplinary professionals, hold a vital role in the criminal justice field, continually striving to prevent crimes and protect society. Through the integration of various disciplines and research methods, these experts enhance our understanding of crime patterns and motivations. However, the influence of unreported crimes on criminology research cannot be underestimated. It is imperative to address this issue to ensure the development of effective crime prevention strategies that accurately reflect the realities of criminal activity. By continuing to advance their knowledge and methods, criminologists are indispensable in the ongoing pursuit of a safer society.",597,0.95891595,0.5943848,0.9999497,0.98112017,0.8417572,0.97979729510851,1,essay,Essay/Student
1,"The Face on Mars WS Not an Alien Structure Many people see the striking features of the so called ""Face on Mars"" and jump to the conclusion that wt must be an artificial structure built by ancient aliens. However, upon closer examination of the evidence, wt becomes clear that the Face WS simply a chance formation of natural landforms. Firstly, higher resolution images from later Mars missions show that the Face lacks precise geometric features that we would expect from an artificial object. Its outlines are blurred and undefined, more resembling the eroded edges of rocks and mesas. If aliens had constructed wt, we would see clean, straight lines and right angles, not the soft, varied contours that are observed. Secondly, similar landforms are found elsewhere on Mars and other planets where there WS no possibility of ancient cwvwlwzatwons. Later images reveal countless hills on Mars that resemble faces or animals purely by coincidence of erosional patterns. The so called ""Dale Sphinx"" on Mars looks remarkably like Salvador Dale's painting, yet was clearly shaped entirely by natural winds and weathering over vast timescales. Planetary scientist also point to coralline features on Venus that resemble human shapes but were undisputedly formed below the bowling surface with no intelligence involved. In conclusion, while parabola makes the Face on Mars look like something recognizable to our brains, the preponderance of evidence points to wt being an ordinary Hall whose vaguely anthropic appearance WS simply due to natural erosional forces slowly sculpting Martian bedrock over hundreds of millions of years. Absent clearer geometric features or other archaeological indications, scientists have found no compelling proof that forces beyond natural geology were involved in was formation. Though intriguing at first glance, closer analysis reveals the Face to be just another naturally formed mesa, without need to invoke visitation by ancient spacefarwng cwvwlwzatwons.",306,0.9591043,0.42767838,0.9996038,0.9788038,0.78317505,0.9696044974394187,1,ai_human,Essay/Student
0,"Some schools have these dreadful summer projects that students don't really enjoy doing. However, it's required in most schools, regardless if it's a reading assignment or a history assignment. The school system just wants us to keep our brains going during the break. Now jar comes the big question of the day, should the projects be teacjerdesigned or student designed ? When this was first brought to my attention I would have said student designed. Now that I have put further thought into it. I feel that it should be teacjerdesigned and student based. What I mean by that is students should have a big role in now teachers design it, so that students would be eager to do them, and have a good challenge on their bands. Nevertheless it should be fun and educational. Students count down until summer break and not just in '' Wigjscjool Musical'' Eitjer they can't wait to hangout with their friends, be out all night, and not have to wake up for school. Students know it's always that boring assignment that they have to complete over summer, which they wait the last minute to do. If the assignment was student based which mean it would have been appealing to them, then they wouldn't wait all summer to do. It wouldn't just be a bunch of confused, uninterested students putting anything down on a piece of paper just so they can get a grade. Some people might not agree and say an assignment is an assignment it was to get done regardless. However I myself am a student and I know once students get an assignment that they are eager to do your probably going to get tjeir the best work yet. Everyone loves a good challenge especially a student. I know I do, and so does my peers. Students love an interesting challenge that will have them using their brains. The whole purpose of the summer project is to assure that students learn over the summer. What a better way to do it then by finding out what interest the students and challenge them to lean more about it, rather It's for History class or English, or in the format of a poster board project or an essay project. An educational challenge is always a good challenge because 1 it teaches students not to give up 2 that their is always more to learn. I understand that tears going to be an assignment due at the beginning of each school year. However, if it is teacjerdesigned and student based schools will have an outstanding outcome because the more the students are eager to learn, the challenges get harder, and the harder it gets. Tje more students learn now to succeed in life after jig school probably before they reach jig school or the 12tj grade for that matter. Summer projects are for the students to learn more an as long as it is teacher designed and student based the school system will have a greater impact on our lives.",505,0.04029093,0.18125556,0.00024263965,0.00940121,0.07852992,0.02620200637639274,0,ai_human,Essay/Student
1,"Robert Putnam's influential book, ""Bowling Alone,"" meticulously dissects the concept of social capital and its critical role within democratic societies. Social capital, as Putnam describes, refers to the networks of relationships among people who live and work in a particular society, enabling that society to function effectively. It includes features like trust, norms, and networks that can improve the efficiency of society by facilitating coordinated actions. In discussing social capital's significance, Putnam highlights that robust levels of social capital allow for greater participation in politics and community affairs, aiding democratic processes through increased understanding and communication among citizens. Social capital enhances the ability of individuals to resolve communal issues and generate broader political participation, which is foundational in robust democracies. It cultivates a sense of belonging and common purpose, which are essential for cohesive societies. However, ""Bowling Alone"" identifies a worrying trend: since the mid-1960s, there has been a consistent, substantial decline in social capital in the United States, marked by diminishing civic engagement and fraying social fabric. The causes of this decline are multifactorial. Putnam attributes it to changes in work, family structure, age demographics, technology, and mobility. For instance, the increase in dual-income households and longer working hours has squeezed the time available for face-to-face community interactions. Likewise, technological advancements such as television and the internet have created more individualized leisure activities, reducing time spent in communal activities. The consequences of this erosion in social capital are profound. Reduced engagement in communal activities correlates with lesser civic knowledge and diminished political participation, potentially leading to governments that are less responsive to their citizens. Moreover, issues such as economic inequality become tougher to address when social networks are weak because there is less pressure for remedial collective action. To address these challenges, potential solutions to re-establish social capital must be multi-faceted. Encouraging greater civic education and engagement from an early age can help. Schools and other educational institutions could serve as hubs for community activities, fostering a culture of participation. Additionally, public policies that promote flexible work arrangements could allow for more significant interaction within communities. When considering the re-establishment of social capital, it is also crucial to differentiate between 'bridging' and 'bonding' social capital. Bridging social capital refers to social networks that bring together people from diverse backgrounds, which are vital for broader societal cohesion and inclusivity. Bonding social capital, however, pertains to the value assigned to social networks among individuals similar in demographic and social attributes, which can reinforce exclusive identities and limit inter-group cooperation. The development of social capital is not without its limitations and risks. Predominantly, bonding social capital can lead to segregation and even conflict if not adequately balanced with bridging social capital. Communities might become insular, focusing solely on group interests at the expense of broader societal benefits. In conclusion, while social capital is crucial for the health of democratic societies, it requires careful cultivation and balance to harness its full potential. Rebuilding and sustaining social capital in contemporary society demands thoughtful strategies that promote inclusive, active participation while recognizing the complex nature of modern life.",513,0.9590654,0.5586881,0.9999496,0.98026514,0.8292301,0.9865056774798788,1,artnitolog,Essay/News
1,"Gavrilo Princip, a member of the Young Bosnia nationalist group, assassinated Archduke Franz Ferdinand of Austria-Hungary in Sarajevo on June 28, 1914. The assassination was one of the key events that led to the outbreak of World War I.",39,0.9585712,0.29206762,0.9985619,0.8019708,0.71763307,0.9828693509689004,1,fast_text_rebirth_dataset_315k,Essay/Student
1,"The decline of science and learning in the Middle East is a complex issue that has many contributing factors. One of the main reasons is that the region has gone through a lot of political and social upheaval over the past few centuries, which has disrupted the continuity of education and research. In addition, some governments in the Middle East have not prioritized investing in education and research, which has made it difficult for scientists and scholars to do their work. Another factor is that the Middle East has been influenced by various foreign powers over the years, and these powers have sometimes imposed their own cultural and educational values on the region. This has caused some people in the Middle East to lose their own cultural traditions and ways of learning. Finally, the Middle East has also been affected by wars and conflicts, which have disrupted the education system and made it difficult for people to study and pursue careers in science and other fields. So, in short, the decline of science and learning in the Middle East has been caused by a combination of political instability, lack of investment in education, cultural influences, and conflicts.",197,0.95919883,0.5601448,0.999956,0.97794807,0.8295563,0.9959962333941018,1,fast_text_rebirth_dataset_315k,Essay/Student
0,"It 's really finely ground so it immediately puffs up in a cloud and gets into your throat and lungs if you 're not very careful , it absorbs all your saliva , and it tastes fucking nasty , IMO at least . I puked when I tried to do it .",52,0.32359266,0.25934353,0.21131587,0.3210512,0.27839598,0.155556545808476,0,fast_text_rebirth_dataset_315k,Essay/Student
0,"Welcome to my world of reading recipes from America . * "" A cup and a half of this and two tablespoons of that "" * * "" OK . I 'll google what a cup is ! "" * 1 cup = 16 tablespoons . * "" Fine . What 's a tablespoon ? "" * 1 tablespoon = 3 teaspoons . * "" For fuck 's sake . "" *",72,0.23674457,0.24204361,0.13419192,0.34264183,0.22867844,0.10588200387750941,0,fast_text_rebirth_dataset_315k,Essay/Student
0,"Elements are defined by how many protons are in their nucleus . For example , Carbon has 6 protons in its nucleus . The same element , however , can have a varying number of neutrons . Carbon can have 6 , 7 , or even 8 neutrons . These are called isotopes and are designated by the total number of protons+neutrons . So the Carbon with 6 neutrons is Carbon-12 . The Carbon with 8 neutrons is Carbon-14 . The upper atmosphere is constantly being bombarded by enerjectic rays which can do funny things , like turn Nitrogen-14 into Carbon-14 . Carbon-14 is radioactive and will , eventually , decay back into Nitrogen-14 . The rate at which Carbon-14 is being created and the rate at which it is decaying is somewhat constant , meaning there is a predictable amount of Carbon-14 in the atmosphere . This Carbon-14 binds with oxygen creating CO2 which is absorbed by plants which is eaten by animals who are in turn eaten by other animals . In other words , if you are a living organism , you are constantly consuming Carbon-14 which is then used in the building blocks of your body . The end result is the concentration of Carbon-14 in your body is the same as that of the atmosphere . But once you die , you stop taking in outside material and the Carbon-14 in your body will slowly begin to decay back into Nitrogen-14 . The concentration of Carbon-14 decreases at a predictable rate . By comparing the concentration of Carbon-14 in a corpse , and comparing it to that of the atmosphere , we can calculate how long it has been dead , within certain ranges and margins of error .",294,0.30311525,0.25874656,0.42698416,0.5299765,0.3350461,0.3226460241613155,0,fast_text_rebirth_dataset_315k,Essay/Student
0,"Imagine being stuck in traffic again for the fifth time this week. You glance at the time, and you see that you're running late for work again. Cars can cause a lot of problems like for example, people get into many car crashes that kill many innocent children or bystanders, the traffic jams always take hours to clear up, and the exhaust in the tail pipe is polluting the air. There are many advantages to limiting car usage. The advantages are there will be more people on bikes and walking to place, less traffic, and less pollution in the air. Although cars may come in handy they can be a real pain to have. Like for instance paying car insurance every month, paying for gas, and paying for your car if anything breaks and needs a new part If the car usage was limited there will be more people on bikes and walking. This is good for the residents because they are spending less money, and they are getting exercise from this. In Vauban, Germany the residents there have given up their cars. 70% of Vauban's families do not own cars (Rosenthal, 3). There only transportation there is a tram that runs through Freiburg (Rosenthal, 2). This helps residents there get to place easier. Also, with the car limitations there will be a lot less traffic on the roads. Por example in Paris, prance they made even numbered license plates residents leave their cars at home, then the next day odd numbered license plate residents (Duffer, 11). Even though they tried to ban the cars there were 40,000 drivers fined due to driving their cars (Duffer, 12). Also, when this rule was put into place there was less traffic in the capital of prance. The traffic went down by 60% (Duffer, 14). Most importantly there will be less pollution in the air. Residents in cars don't really know how much pollution is put into the air when they drive. The exhaust from the tail pipe of a car is causing a huge defect in this earth's greenhouse effect. In France the pollution was so bad there was smog in the air from all the cars (Duffer, 14). The smog in prance was as bad as the world's most polluted cities in the world, Beijing, China (Duffer, 14). Also in Bogotá, Colombia there was awful smog, but after the car limitation there was a huge decrease in the smog (Silky, 21). In conclusion, there are many advantages in car limitation. The advantages are there will be more people on bikes and walking to place, less traffic, and less pollution in the air. With fewer cars this will help our earth big time because the greenhouse effect will stop getting car exhaust pumped through there. Also, we may fine alternate ways to replace gas and oil to make this world healthier.",479,0.0407989,0.22255948,0.00045331276,0.06436341,0.09870244,0.02780604821793394,0,ai_human,Essay/Student
0,"Apparently they get used to it after many many hours of training , their bodies adapt to the spinning ( always counter - clockwise ) and the “ dizzy ” affect goes away almost immediately after they ’re done spinning .",41,0.29791752,0.25545245,0.102888875,0.34578744,0.248836,0.16267975753373679,0,hc3_qa,QA_General
1,"Introduction: Overpopulation is an issue of great concern to both our environment and society, with far-reaching adverse effects on both. As the human population continues to grow exponentially, the strain it places on our planet's finite resources becomes increasingly unsustainable. This essay aims to explore and discuss the adverse environmental and societal impacts caused by overpopulation, highlighting the urgent need for addressing this problem in order to safeguard our natural resources. Body: 1. Environmental Consequences: a) Deforestation: Overpopulation leads to increased demands for housing, agriculture, and industries. Consequently, vast areas of forests are cleared, accelerating deforestation rates. This results in the loss of biodiversity, erosion of soil quality, and the disruption of the natural carbon cycle, contributing to climate change. b) Resource Depletion: Overpopulation intensifies the consumption of essential natural resources, such as water, fossil fuels, and minerals. The excessive use and extraction of these resources lead to depletion, making them scarce and more difficult to access. This scarcity, in turn, leads to conflicts, with disadvantaged communities disproportionately affected. c) Declining Biodiversity: Overpopulation indirectly contributes to habitat destruction, pollution, and climate change, all of which cause biodiversity loss. As ecosystems become imbalanced, numerous plant and animal species face extinction, disrupting the delicate web of life on Earth. The loss of biodiversity negatively impacts food chains, crop pollination, and the overall resilience of ecosystems. 2. Societal Effects: a) Increased Competition: Overpopulation exacerbates competition for limited resources, including jobs, healthcare, education, and housing. Such competition can breed social inequality, deepening the divide between the haves and the have-nots. It strains social systems, increases poverty rates, and can lead to social unrest, migration, and conflicts. b) Strained Infrastructure: Rapid population growth strains existing infrastructure, such as transportation networks, sanitation systems, and energy grids. The pressure to accommodate a larger population often leads to the degradation of these systems, with inadequate maintenance, inefficiencies, and a lack of investment, negatively impacting society's well-being and quality of life. c) Increased Pollution: Overpopulation directly contributes to the release of pollutants and waste materials into the environment. More people consume more goods and produce more waste, resulting in air and water pollution, which harms human health, ecosystems, and biodiversity. 3. Need for Population Control: a) Conservation of Natural Resources: Controlling overpopulation is crucial to ensure the long-term availability and sustainability of natural resources. By managing population growth, we can alleviate strain on resources, allowing for more efficient and equitable distribution. This will assist in safeguarding ecosystems, preserving biodiversity, and mitigating the impacts of climate change. b) Enhanced Quality of Life: A smaller, well-managed population can lead to improved living standards, better access to education, healthcare, and essential resources. Controlling overpopulation allows societies to focus on sustainable development, thus ensuring a higher quality of life for future generations without compromising the well-being of the planet. c) Preservation of Social Harmony: Addressing overpopulation can promote social cohesion and harmony. By reducing disparities resulting from resource scarcity, societies can create a more equitable and just environment. This, in turn, fosters peace, stability, and a sense of shared responsibility towards one another and the planet. Conclusion: The adverse environmental and societal consequences of overpopulation are increasingly evident, necessitating immediate action to address this pressing issue. By recognizing the urgency and implementing measures to control population growth, societies can mitigate its adverse effects on natural resources, biodiversity, and social harmony. Through a collective effort to stabilize population growth, we can achieve a sustainable future for both the environment and humanity.",577,0.95905656,0.5900915,0.9999465,0.975486,0.83973974,0.9821162959642289,1,essay,Essay/Student
0,"Dear Principle, Hello! I was wondering if you have made your decision on the community service projects. I think as a student I would not want to do the project but, as a person who is getting help from the students I would want the help from the students. As a student I think it would be a great opportunity to help people in need because some day you newer know if you will need help. So if you are not going to require that students to do community service than you have made your decision and I can not change that. If you require community service than, thank you. You have just helped a person in the community that needed help. One time when I was doing community service, one of the people that I was helping came up to me and thanked me for what I was doing, and she said that I would be greatly rewarded someday. I think that you should require community service because not all people have the same things as us, and they need to learn that life can be very hard. I want people to experience what it feels like to help someone in need. I know some people that already do community service and they Lowe if they say that it is a good thing to do, and they enjoy helping people in need. But other students want to sit around and be lazy, and you don't want sluggish students do you, I don't. Your Student, STUDENT_NAME",256,0.0398177,0.1641516,0.00026197315,0.034896076,0.07493125,0.0522402820035902,0,ai_human,Essay/Student
1,"Support for the Preservation of the Electoral College Dear Senator [State Senator's Last Name], I am writing to express my support for the preservation of the Electoral College in the process of electing the President of the United States. While some argue for a change to a popular vote system, I believe that the Electoral College should be maintained for several compelling reasons. First and foremost, the Electoral College ensures certainty of outcome. As mentioned in the text ""In Defense of the Electoral College"" by Judge Richard A. Poster, the winning candidate's share of the Electoral College usually exceeds their share of the popular vote. This reduces the likelihood of disputes over the election's outcome. With the winning candidate needing to secure a majority of electoral votes, the system provides a clear winner and minimizes the chances of a tie or inconclusive election. In addition, the Electoral College guarantees that the elected president represents the entire nation. Judge Poster states that the Electoral College requires candidates to have trans-regional appeal, as no region alone has enough electoral votes to elect a president. This means that candidates need to campaign and garner support from various regions, ensuring that the president represents the interests of a diverse range of citizens. If we were to switch to a popular vote system, candidates may focus their campaigns on densely populated areas, neglecting the needs and concerns of citizens in less populated regions. By maintaining the Electoral College, we promote a more balanced and inclusive representation of the American people. The Electoral College also emphasizes the importance of swing states, which is crucial for fostering a well-informed electorate. In the passage ""In Defense of the Electoral College,"" Judge Poster mentions how the winner-take-all method of awarding electoral votes encourages candidates to focus on swing states. This ensures that voters in these states pay close attention to the candidates' campaigns and policies, fostering a more thoughtful and informed electorate. This plays a vital role in maintaining the integrity and quality of our democracy. Furthermore, the Electoral College provides a vital check on the influence of large states. According to Judge Poster, the Electoral College restores some weight to large states in the political balance that they lose due to the mal-apportionment of the Senate. By awarding electoral votes proportionately to each state's population, the system ensures that candidates cannot solely rely on the support of densely populated states. This prevents candidates from exclusively catering to the needs and interests of those living in highly populous areas, making the presidency more accessible to citizens across the country. Lastly, the Electoral College avoids the complexities of run-off elections. As Judge Poster points out, the Electoral College produces a clear winner, even when no candidate receives a majority of the popular vote. This eliminates the need for time-consuming and potentially costly run-off elections that may further divide the nation. The Electoral College streamlines the election process by providing a decisive outcome and allows the country to move forward promptly. While some argue that the Electoral College may discourage potential voters, as mentioned in the passage ""The Indefensible Electoral College"" by Bradford Plume, statistics show that a significant portion of the eligible population still exercises their right to vote. Voters participate in the election to express their political preference rather than with the expectation that their individual vote will determine the outcome. This suggests that the Electoral College does not discourage engagement or interest in the electoral process. In conclusion, the Electoral College plays a fundamental role in our democratic system by ensuring certainty of outcome, fostering a representative presidency, encouraging a well-informed electorate, providing a balance of power between states, and avoiding the complexities of run-off elections. For these reasons, I implore you to support the preservation of the Electoral College. It is essential for maintaining a strong and inclusive democracy that represents the diverse interests and needs of all American citizens. Thank you for considering my perspective on this matter. I trust that you will carefully weigh the benefits of the Electoral College and make an informed decision that upholds the principles of fairness and representation in our electoral process. Sincerely, [Your Name]",695,0.9589942,0.4876665,0.9999658,0.9836981,0.8046942,0.8937162032285754,1,ai_human,Essay/Student
0,"The Author supports the idea of studying Venus. In paragraph 2, ""the author says that numerous factors contribute to Venus reputation as a challenging planet for humans to study on"". Another reason why from the author that humans should study Venus and worthy pursuit. In paragraph 3, sentence 4 ""it says that the conditions are far moiré extremer than anything humans can study on encounter"". My reason why I think humans should study Venus and worthy pursuit despite the danger is Because in paragraph 1, sentence 1 it's that in step of calling it Venus they call is Evening star, and it is one of the Brightest of the light in the night sky. Now in the last sentence its say that it proved a very challenging place to examine more closely. But in my own words I think it is a good idea for humans should study Venus Because it gives you fun facts about it, How I know that is Because in paragraph 8, the last sentence its talking about you get to travel on earth and you it to see what's Beyond you should not Ve limited By danger or anything else. And another evidence you get to learn about new things in life, and it can Ve a challenge for you in life also. My conclusion to this hole essay is if you can explore anything in life then you can take a risk and in doing a challenge on exploring Venus or another name for it Evening star. Not just Because it can give you a fun fact it can give you a different Experian on other people, and you can show other people that there can Ve a difference in everything that you can do.",291,0.039736975,0.159243,0.00020982366,0.014259906,0.07111094,0.05546578241395446,0,ai_human,Essay/Student
0,"Advice is needed a lot in life, and when it is needed seeking multiple people for advice is very helpful. Seeking multiple people for advice is very helpful for making a better choice because it gives more overall information and more points of view. When you ask only one person you only receive one point of view and much less information overall, which in the end may he faster but it is less helpful when you need advice. When you get advice from multiple people it gives you multiple points of views. This is very helpful because it gives different ways to think, and it can also change your mind about what advice you are looking for. When you speak to multiple people it puts you in other peoples shoes and hearing advice from multiple people can make you feel different about the advice you're looking for. You could he researching and he stuck to one point of view, but after hearing multiple people, your opinion could completely change. Another reason to ask more people when looking for advice is there will he more overall information gathered. When you talk with multiple people it helps you understand what you are looking for because you hear more information which helps greatly when you need advice. Looking to multiple people for advice is also helpful just because it will let you know more about what you are looking for, or it will just let you understand what you're looking to find better. Talking to multiple people is very helpful when you are looking for advice, because you get more points of view, and you get more overall information for advice. There is very little reason to only look to one person for advice when you can look to a few, because with one person you get less information and only one point of view, but with multiple you learn what multiple people believe, and you get much more information which will help you much more in the long term. Advice is something needed lots in life, but this is why you should ask multiple people when looking for advice.",357,0.046297614,0.16344012,0.002582121,0.082844645,0.082209095,0.04175371503153992,0,ai_human,Essay/Student
0,"Dear Principal, I think all kids should be required to do community service because even do us as kids thinks community is waste of time. It is not a waste of time because community service is something you take time out of your life or day and go help people, help the earth. Imagine if you don't help the earth probably sometime in the future, you won't be in a world full of sunshine and happiness, but you will be living in a world of darkness and despair. I doubt anyone can live in a world like that. There probably won't be no sports, no shopping for good clothes and even some death, instead there will be flattened basketballs and footballs because since no one helped the earth all of our resources would be gone and your parents will lose their jobs, so the president can try to make the world good again, raise taxes so less stuff for us kids. If you go to the store there won't be awesome clothes like polo instead there will be some horrible stuff like messed up clothes that hobos be wearing, and I know for a fact no kid want to be wearing them definitely if you're a fashion diva. Jee a world like this isn't the world us kids want. If you do community service and help people then you might not get rewards the same day, but you will get something good. Helping the less fortune or the deaf and blind. Even if the deaf couldn't hear what you said, they can see what you said. Bhat if one day our world is being run by a deaf man or woman, and the reason their all the way at the top is because of you. You help them to read, and they grow up to become president just because you took time out of your life to help them. Overall I think doing community service might be a drag, but it's the right thing, and you help one or even more lives. Jincerely, student_NAME",344,0.04282241,0.19397837,0.0003475394,0.039735656,0.08692334,0.04697097527383672,0,ai_human,Essay/Student
1,"Albert Einstein famously said “Imagination is more important than knowledge. Knowledge is limited. Imagination encircles the world.” This statement speaks to the power of imagination and its ability to stretch beyond circumstances and possibilities of the physical. Knowledge may guide us through life, but imagination can help us envision a better world. For instance, the technological advances of the 20th century would have been impossible if it hadn’t been for the imaginations of inventors like Nikola Tesla and Thomas Edison. Without their vision, we wouldn’t have access to lightning fast communication and other tools that rely upon the power of imagination. Imagination can also be credited with our ability to progress culturally and spiritually. When we embrace imagination, it helps us envision paths to personal growth and transformation. It can constantly inspire us to think bigger and better, to uncover new insights and explore our own potential. In many respects, imagination is the tool with which we build the future. It is more important than knowledge because it enables us to find creative solutions to our problems, build upon our wins, and become wiser as a collective. Without it, our ambition to learn and grow our potential would be limited. Ultimately, imagination is more important than knowledge because it is the spark that triggers creativity, discovery, and progress. It allows us to reshape our reality and pursue a better tomorrow. Through our imagination, we can rewrite the rules and design the future.",242,0.9591162,0.535568,0.9999323,0.8244189,0.8055678,0.9944660416920085,1,ai_human,Essay/Student
0,"To, we should not have diverless cars. One reason we should not have them because they are dangerous. Someone could die from a malfunction, and they would lose their life because of the company. My next reason we should not have them because they cost too much. We are barely affording to pay teachers let alone have money to pay for research and materials. My final reason is because they are just pointless. Without drivers that would put so many people out of a job. My first reason is because they are dangerous. Anything can go wrong and end up killing innocent people. Technology has malfunctions every day and sometimes we don't know why. To person or people should lose their lives because people are too lazy to drive their own vehicle. My next reason is because they cost too much. Here in Richmond, Indiana we are barely affording to pay for schooling and teachers let alone driverless cars. Driverless cars should be the least of our worries at the moment. Instead of focusing on driverless cars, we should focus on how to lower the cost of an education. Education should be our number one priority. My final reason is because they are pointless and would put many people out of a job. With driverless cars, taxi drivers, bus drivers, and many others would be out of a job. The passage says"" Can you imagine a time in the future when no one buys cars because no one needs them anymore?"" That statement proves that many jobs will be lost because people are getting too lazy and too pre-occupied to drive on their own. In conclusion I do not think that driverless cars are a good idea. Our poverty rate will go up, and children and families starve. Where will we get the money to pay for the research? We would have to take away even more jobs just to pay for the research. We should not have driverless cars because they are dangerous, they cost too much, and they will put many people out of a job that they actually need.",352,0.040603656,0.1803447,0.0003198616,0.13847685,0.09124358,0.036203711154195885,0,ai_human,Essay/Student
1,"The media, in its various forms, has a tremendous impact on society. It'shapes our perceptions, beliefs, and values, and influences the way we think and act. Some argue that the media reflects the values of a society, while others contend that it creates them. In my opinion, the media creates rather than reflects the values of a society, and I will provide several reasons and examples to support my view. Firstly, the media has a powerful role in shaping the values of individuals and society as a whole. It is well known that the media can manipulate people's opinions and beliefs, as evidenced by the countless examples of propaganda, advertising, and political messaging that saturate our screens. For instance, a recent study found that exposure to violent media was associated with increased aggression and decreased empathy, suggesting that the media can shape values related to aggression and empathy. Secondly, the media often perpetuates stereotypes and reinforces social norms that are already present in society. This can be seen in the way that women, people of color, and other marginalized groups are often portrayed in the media. For example, women are frequently objectified and sexualized in advertisements and music videos, reinforcing the notion that women's bodies are objects to be admired or desired. Similarly, people of color are often portrayed in stereotypical or one-dimensional ways, perpetuating racist attitudes and beliefs. Furthermore, the media often sets the agenda for public discourse and shapes the issues that people care about. This can be seen in the way that news outlets and social media platforms highlight certain stories or events, while ignoring others. For example, the media's coverage of the Black Lives Matter movement helped to bring attention to issues of police brutality and racial injustice, shaping public opinion and igniting a national conversation about these issues. Finally, the media has the power to create new values and challenge existing ones, especially when it comes to social and cultural issues. For example, the portrayal of LGBTQ+ characters and storylines in television and film has helped to shift public attitudes towards acceptance and equality, challenging traditional values related to gender and sexuality. Similarly, the rise of social media has given a platform to marginalized voices and helped to amplify their stories and perspectives, challenging dominant cultural narratives and creating space for new values and ideas. In conclusion, while it is true that the media can reflect some values of a society, I believe that it has a much greater impact in creating and shaping those values. The media has a powerful role in shaping public opinion, perpetuating stereotypes, setting the agenda for public discourse, and creating new values and ideas. Therefore, it is important that we are critical and discerning consumers of media, and that we work to promote media that reflects the values of justice, equality, and respect for all.",476,0.95919365,0.613643,0.999964,0.97505784,0.84799147,0.9909263827711248,1,ai_human,Essay/Student
1,"[Your Name] [Your Address] [City, State, ZIP Code] [Email Address] [Phone Number] [Date] [Senator's Name] [Senator's Address] [City, State, ZIP Code] Dear Senator [Senator's Last Name], I am writing to express my opinion on the issue of whether to keep the Electoral College or change to a popular vote system for the election of the President of the United States. After carefully considering the information from various sources, I firmly believe that it is in the best interest of our nation to maintain the Electoral College system. Though there are arguments in favor of both systems, the Electoral College provides several important benefits that should not be overlooked. One of the fundamental reasons to retain the Electoral College is the certainty of outcome. As stated in the passage by Judge Richard A. Poster, the winning candidate's share of the Electoral College typically exceeds their share of the popular vote. This ensures that the result of the election is decisive and minimizes the possibility of lengthy legal disputes. In contrast, a direct popular vote system could lead to close elections with no clear winner, which could potentially necessitate time consuming and costly runoff elections. Additionally, the Electoral College ensures that the President represents a broader range of interests and appeals to a wide spectrum of voters. As Judge Poster points out, the requirement for transregional appeal means that candidates must appeal to voters from different regions, rather than focusing solely on winning the most populated areas. This prevents candidates from neglecting the needs and concerns of certain regions, promoting a more balanced representation across the country. Another advantage of the Electoral College is that it encourages candidates to campaign in swing states and adopt policies that address the concerns of these states. Judge Poster correctly notes that voters in swing states are more likely to pay close attention to the campaign and candidates, as they have a greater influence on the outcome. This leads to a more engaged and informed electorate and ensures that candidates do not solely prioritize the interests of heavily democratic or republican states. Horeover, the Electoral College gives smaller states a fairer representation. By providing each state with a minimum number of electors based on their representation in Congress, the system ensures that smaller states are not overshadowed by the larger ones. As mentioned by Judge Poster, this balance of power prevents large states from dominating the election process and guarantees a more equal distribution of attention and resources from presidential candidates. Lastly, the Electoral College avoids the need for runoff elections in cases where no candidate receives a majority of the popular vote. This eliminates the potential for extended election processes and allows for a clear winner to be determined promptly. This certainty and efficiency are essential for maintaining the stability and continuity of our democracy. In conclusion, while there are valid arguments for both the Electoral College and a popular vote system, the benefits provided by the Electoral College cannot be ignored. It ensures a decisive outcome, promotes broader representation, encourages candidates to address the concerns of swing states, safeguards the interests of smaller states, and avoids the need for runoff elections. As such, I urge you to support the retention of the Electoral College in the best interest of our nation. Thank you for considering my perspective on this important matter. I trust that you will weigh all the arguments carefully before making a decision that will impact our electoral system. Sincerely, [Your Name]",580,0.9588607,0.48945683,0.9999633,0.97927105,0.8048309,0.9299982585970682,1,ai_human,Essay/Student
0,"Have you ever drove down the highway or just been at a red light and look over and see all the people with cell phones up to their head or in their lap looking down at them? It's everywhere, and it's not a safe habit to get use too. Matter in fact 1 out of 3 car wrecks are from people being on their cell phones not paying any attention to the road. Cell phones have evolved over the years and I think that is what is so bad about them because they keep getting these better updates and things and people just feel the need to carry it or be on it where ever they go. Don't get me wrong, cell phones are a nice thing to have on you, but you got to remember their not going to save you. They are they for you to use, you control yourself, so you take the action and set the cell phone down whenever you get in the car to drive. Teenagers are addicted to cell phones like crazy, which is one of the top reasons injury's happens to young adults.",191,0.04108725,0.22073485,0.0010774087,0.069665894,0.0988198,0.07591556900250929,0,ai_human,Essay/Student
0,"Today most humans own a cell phones and smartwatches, and we used them for all types of things like texting and calling or FaceTime if you have iPhone or A IPA Snow with android it's a whole different story I'm going to save that one for later in the essay Cell phones and driving is a serious thing Nowadays cause one minute your alive and then next minute your dead all because of your cell phone people please put down the cell phones when you're driving or put it on the phone stand in your car or just keep it in your pocket until you get to where you're gone Whenever you get to where you're going that's when you pull out your phone to do whatever you want to with it like text or call or FaceTime order something to eat with your phone go out with friends and family. Spend time with them and not your phone put your phone down for once and go outside take a walk clear your mind. We as people should just put the phones down and clear our mind from social media and take walks and think about how life would be without phone's, but we can't do that because we need our phone's to do work and to call people.",219,0.04179669,0.21398124,0.0002688194,0.0128569435,0.09086173,0.13399951235108734,0,ai_human,Essay/Student
0,"Community Service is a perfect way to help from polluting the earth. Some people may think Community Service takes too much time up for then, but it is the right thing to do to help. Community Service can help animals from going extinct. Now since the oil spill has happened it has been killing most of our animals. Most of the animals in the seawater we need for food. If I had to do Community Service, I would do Community Service to help from polluting the earth and from killing animals. Some friends and family may not care for community service but it's the way to help the earth. Varth is where we live at, without it what would we be? Human people wouldn't exist without earth. This is what I have to say"" without Community service our planet may die, without it there would be no food because all the animals will or maybe dead, all the plants will be dead, everything"" ""we need plant for medicines, food and may other things!"" So that's what I need to say about Community Service! We need to have Community Service!",189,0.040693905,0.22208577,0.022454059,0.21462694,0.1179264,0.06410240228467032,0,ai_human,Essay/Student
1,"War is a very serious and destructive thing, and it can have a lot of negative consequences for the people and countries involved. In order to try to limit the negative effects of war, there are rules that have been developed to govern how wars are fought. These rules are called the ""laws of war"" or ""international humanitarian law.""\n\nThe laws of war are a set of rules that are designed to protect civilians and people who are not directly involved in the fighting, such as medical workers and journalists. They also aim to protect the environment and cultural sites from unnecessary damage.\n\nThe laws of war also establish rules for how prisoners of war should be treated, and they prohibit certain kinds of weapons and tactics that are considered to be especially cruel or inhumane.\n\nOverall, the purpose of the laws of war is to try to make wars less destructive and to reduce suffering. While the goal of war may be to win, the laws of war try to make sure that victory is achieved in a way that is as humane and ethical as possible.",185,0.959065,0.49706864,0.9999548,0.79451835,0.7890896,0.978061218380021,1,fast_text_rebirth_dataset_315k,Essay/Student
1,"Hi,Thanks for using healthcare magic.I have gone through your history.All your symptoms can be explained by anemia. You should go for blood investigations like hemogram, ferritin level or vitamin b12 level. You may get prescription form your doctor.Your doctor may also advise to have investigations to find out the cause of anemia , whether is nutritional or hemolytic o else.Thanks.",60,0.120923325,0.24659023,0.05407233,0.6955081,0.20899503,0.3830093667880766,0,fast_text_rebirth_dataset_315k,Essay/Student
1,"Dear Senator, I am writing to you today to express my strong support for abolishing the Electoral College and electing the President by popular vote. The Electoral College is an outdated and undemocratic system that has no place in the 21st century. It is a system in which the votes of some citizens are worth more than the votes of others, and it is a system that has been used to disenfranchise millions of Americans. In the most recent presidential election, Hillary Clinton won the popular vote by nearly 3 million votes. However, she lost the election because she failed to win the majority of electoral votes. This is because the Electoral College gives an unfair advantage to small states. Under the Electoral College, each state is allocated a number of electoral votes based on its population. However, each state has at least three electoral votes, regardless of its population. This means that the votes of people in small states are worth more than the votes of people in large states. For example, a voter in Wyoming has about three times the voting power as a voter in California. This is because Wyoming has a population of about 578,737 people and three electoral votes, while California has a population of about 39,536,653 people and 55 electoral votes. The Electoral College also gives an unfair advantage to the Republican Party. In recent years, the Republican Party has become increasingly reliant on winning the votes of rural voters in small states. These voters are often more conservative than voters in large states, and they are more likely to vote for Republican candidates. The Electoral College system has resulted in several elections in which the candidate who won the popular vote lost the election. This has happened five times in American history, most recently in 2016. In 2016, Hillary Clinton won the popular vote by nearly 3 million votes, VUT she lost the election to Donald Trump because she failed to win the majority of electoral votes. The Electoral College is a system that is out of touch with the modern American electorate. It is a system that disenfranchises millions of Americans, and it is a system that is ripe for abuse. I urge you to support a constitutional amendment that would abolish the Electoral College and elect the President by popular vote. This is the only way to ensure that every American's vote counts equally in our presidential elections. Thank you for your time and consideration. Sincerely, [Your Name]",417,0.959102,0.45488444,0.9999615,0.93952864,0.7888404,0.954592894688942,1,ai_human,Essay/Student
0,"There is no way that studentdesigend summer projects are better than teacher designed projects. Not only do teacher designed summer projects end up preparing students for college but it could also end up changing students appreciation about a subject as egg as HEGP them on classes that require two or more years. If more school wants to HEGP students Green, retain knowledge, and be more prepared for the future than they ought to make summer projects be teacher designed instead of student designed. If summer projects were to be teacher designed, then students could end up changing their opinion about a subject and/or class. Two years ago, I had to do two summer projects that were for different classes, but one was Carey a teacherdesgned while the other was clearly a student designed one and once I completed both projects, the one that was teacher designed got me to Green far more about the subject that it in turn reverted my appreciation of the subject from being just an ok subject, to one that I am deeply passionate about and would Grady go on a IUGG on Lecture while the other project just kept my stance on the subject the same way it was. If summer projects were to be teacher designed, then the project would end up helping students next year if the class is one that requires more than one year since teachers knows more of what to expect next year. Once, my friend decided to do a teacher designed summer project on a class, which requires two years, and once he completed the project it signifcaGGy helped him the following year since he knew what to expect for the class as egg as it prepared him for the kind of work he would have to do that year thanks to the fact that the teacher who designed it was his teacher for both years. Comparatively, another friend of mine, which didn't do that project, ended up struggling the entire year, though he didn't get a bad grade he ended struggling and being more stressed compared to my other friend who did the project. If summer projects were to be teacher designed, then students would be more prepared for the kinds of school work that they would have to do in college. A couple of years ago, my older haGfbrother had to do a summer project for a class, that he didn't quite do egg in throughout the school year but once he completed the project, even though it was challenging for him, and took that same class in college he was very grateful that he did the project since not only did it helped him prepare for the challenging work that he had to do in college, it also helped him to be more knowledgeable about that class, and he ended not struggling nearby as much as he did AGG those years ago. He was so grateful that he actually sent a than you Getter back to his teacher he assigned him the project. Now some may say that the one advantage that student designed projects have over teacher designed projects is that they are Less stressful, and though that may be true when you're actually doing the project, in the Gong run it can cause more stress because it barely exposes students to any challenges and thus doesn't prepare them for the challenging work that they wing have to face Later in Life. So, no matter what way you Gook at it, teacher designed summer projects are far superior to student designed ones. Hopefully in the future more and more school wing push to ensure that students take teacher designed summer projects since they actually benefit students compared to the alternative.",625,0.05258244,0.22087838,0.0006456535,0.005768549,0.09641728,0.029311030250935354,0,ai_human,Essay/Student
0,"As the weather becomes warmer at the end of One, students eagerly leave their schools excited about the start of summer. However, in most school districts, summer break doesn't mean a break from school work. Many school districts require students to complete an assignment over the summer to assure they continue learning. Over the three-month break, students must complete one project. This project should be about a topic of their choosing. Allowing students to complete a project on an area of their interest, rather than a topic assigned by the teacher, the work will be of higher quality, have a stronger impact on students learning, and be more enjoyable for both the teacher and students involved. When students complete a project on what interests them the most, the quality of their work is dramatically increased. The students are willing to do more research on a topic they enjoy than a topic assigned to them. Someone who spends time playing music outside of school will be more interested in discovering the impact of music on their community, than researching the rain patterns in the state of Florida. Over time, the work each individual puts into their project will be more meaningful and have a stronger impact on their learning. A student may go out to a museum related to their topic, or interview a neighbor that is specialized in a specific area. The knowledge gained from students completing their project is important, but each student will learn new skills beneficial to their unique life in the future. When school rolls back around again in August, each student will have a more enjoyable time-sharing to their classmates and teachers about the topic they spent time lots of time learning more about over the break. Some people may argue that all students should complete the same exact teacher designed project over the summer. While doing so may make it easier for teachers to grade by simply using a rubric and checking off all areas complete and marking off areas not included. However, when the school year begins, most people involved won't be interested. Classmates listening to the project will not be focused on the student presenting, since they also completed the same project, and the teachers grading will quickly get bored from hearing the same thing over and over again. The entire objective of having an assignment for students to complete over the summer, is to ensure they are still learning. If students aren't interested in the topic they are working on, the impact of the project and knowledge acquired will not be as great. The impact will be much greater if students are completing a project on something they enjoy. Allowing students to have a more enjoyable summer that is still filled with learning is important. Students that are required to complete a project over the summer should be researching about a topic they enjoy, rather than one assigned by a teacher. When students complete work that is important to them, the final product will be of much higher quality, have a stronger impact on the students learning and future, and be more enjoyable for the teacher and all students involved.",529,0.954353,0.3967653,0.9998522,0.03050414,0.6759122,0.700198148520065,0,ai_human,Essay/Student
1,"As the world becomes more accessible, people have more opportunities to travel and explore new places. However, the Question of whether to travel alone or in a group led by a tour guide remains a topic of debate. While some prefer the freedom and flexibility of solo travel, others believe that traveling with a group and a tour guide is the best way to go. In my opinion, I strongly agree that traveling in a group led by a tour guide is the best way to travel, and in this essay, I will explain my reasons and provide examples. Firstly, traveling in a group led by a tour guide ensures that you have a structured itinerary and a plan for each day. This is especially important when traveling to a new place where you are unfamiliar with the culture, language, and customs. A tour guide will help you navigate through the city, take you to the best tourist attractions, and provide you with information about the history and culture of the place. For example, when I visited Japan, I joined a group tour led by a local guide who took us to the best sights and gave us insights into the Japanese way of life. This made my trip more enjoyable and informative than if I had gone alone. Secondly, traveling in a group led by a tour guide provides safety and security. When traveling alone, you may be vulnerable to theft, scams, and other dangers. However, when traveling with a group, you have the security of numbers, and the tour guide will ensure that you are safe and well taken care of. For instance, when I went on a safari in Africa, I joined a group tour with a guide who ensured that we followed safety protocols and avoided dangerous animals. This made me feel safe and allowed me to enjoy the experience without worrying about my safety. Thirdly, traveling in a group led by a tour guide allows you to meet new people and make new friends. When traveling alone, you may feel lonely and isolated, but when traveling with a group, you have the opportunity to socialite and connect with other travelers. This can be a great way to learn about other cultures, make new friends, and create lasting memories. For example, when I went on a group tour to Europe, I met people from different countries and made lifelong friends with whom I still keep in touch. In conclusion, traveling in a group led by a tour guide is the best way to travel because it provides structure, safety, and socialization. While solo travel may be appealing to some, group travel offers many advantages that make the experience more enjoyable and memorable. Whether you are traveling to a new city or a foreign country, joining a group tour with a knowledgeable guide can enhance your travel experience and make it more rewarding.",486,0.95889354,0.6033347,0.999967,0.871575,0.83393073,0.9915151556781888,1,ai_human,Essay/Student
1,"Jamaica is an amazing country located in the Caribbean, and I am super excited to learn more about it! 🌴🏖️ As an 8th grader, I've been tasked with researching different travel activities, types of food, and animals that can be found in Jamaica. Let me tell you, it's a wild adventure! 😍 First up, travel activities! Jamaica has got some amazing things to do for visitors. Have you heard of the famous Dunn's River Falls? 🌊 It's a beautiful waterfall that flows into the Caribbean lea, and visitors can climb up the falls! 🏞️ It's like nature's staircase, and it's a mustsmust see visiting Jamaica. Plus, there are tons of other waterfalls and beaches to explore, like the famous leveneven Beach. 🏖️ It's like a tropical paradise! Next, let's talk food! Jamaican cuisine is seriously delicious! 🍴 Did you know that jerk chicken and pork are two of the most popular dishes in Jamaica? 🍗🍖 They're made with a special seasoning blend called jerk seasoning, which gives the meat a yummy, spicy flavor. And if you're feeling adventurous, you can even try some ackee andMcKeefish!salt fisha traditional Jamaican dish made with salted fish and ackee fruiMcKeed it's super tasty. Yum! Last but not least, let's talk about the animals in Jamaica! 🐰🐴 Jamaica is home to lots of cool creatures, like mona monkeysmoney green iguanas! 🐒🦎 They're so cute and interesting to learn about. And did you know that Jamaica is also home to lots of beautiful birds? 🐦 There are over 200 different species of birds in Jamaica, including the beautiful hummingbirds! 💜 They",265,0.95906985,0.5942624,0.9999527,0.3926191,0.7829187,0.9672168364080974,1,ai_human,Essay/Student
1,"It is common knowledge to imagine a cowboy as a person who spends most of his working days in the vast prairies and dry, dusty landscapes. But what if he took on an unfamiliar journey in an entirely different environment? Imagine the arid deserts replaced with crashing waves and sandy beaches, where people exchange cattle for surfboards and shovels for fins. This concept of a ""cowboy"" venturing into the wilds of a sea is not merely a play on words; it reflects an extraordinary life of a man who lived both roles. For this tale, we meet a remarkable individual that embodies a unique blend of a cowboy's endurance and determination and a surfer's love for adventure and fluidity. This uncommon life was led by a man born in a small coastal town, who grew into becoming a cowboy first and later took to the seas as a surfer. His story begins much like a typical Western. Young Robert grew up in the southern region of a country that was renowned for its beautiful beaches and diverse landscapes. His love for nature and the vast outdoors was evident from a very young age, nurtured from spending his weekends trekking through forests and fishing with his father down at the lakes and bays. It was within his small town, a coastal gem with warm climates, that he developed a deep bond and understanding of the natural world. Robert's curiosity and desire to explore nature further drew him to attend college in a city that boasted an equestrian program. At the age of 19, he found himself embracing a new world that was vastly different from his childhood. Studying with equine experts and spending time with passionate and talented riders in the stable, he quickly became engrossed in the horseback riding culture. His love for the sport, combined with his strong physique and deduction skills, enabled him to train and compete in many prestigious competitions. Success soon brought Robert and his horse to the international arena, where he demonstrated unmatched proficiency in events such as dressage, showjumping, and even barrel racing. His dedication and skill quickly earned him notoriety and the appreciation of esteemed horse trainers. As his career as an equestrian grew, Robert developed a distinct work ethic and a passion for excellence, which would later influence his approach to surfing. After years of dedication to his equestrian pursuits and becoming a skilled horseman in addition to a cowboy, Robert finally embarked on an unexpected journey. It's the point where many people would imagine it's over and the protagonist would return to a life of serenity. Instead, Robert decided to leave his beloved equestrian world and challenge himself in an unexpected environment - the world of surfing. It's as though someone transformed from a rough-and-tough cowboy into a laid-back surfer overnight. Initially, transitioning seamlessly to a new sport like surfing may have seemed impossible. However, Robert brought to his new sport the same level of determination and discipline he had displayed as a cowboy. He studied the movements and techniques involved in surfing, learning from successful surfers and mentors. He developed muscles and endurance required to ride powerful waves, eventually competing in surfing competitions and exhibiting impressive performance. His unique background proved an invaluable asset in this new sporting venture, as it was his acute understanding of nature and animal movements that helped him interpret the ocean and respond to changing wave conditions. His ability to adapt to new challenges and master various sports with ease made him a remarkable individual who can be equated to a ""jack of all trades."" Having lived both the life of a cowboy and a surfer, Robert became proof of the interconnected nature of diverse experiences and how they can shape our perspectives and abilities. He has demonstrated the extraordinary power of perseverance and the freedom to explore one's true passions, regardless of societal expectations. This story serves as a beautiful metaphor for embracing one's inner cowboy and surfer, reminding us to constantly push our boundaries and challenge our perspectives, fostering growth both personally and professionally. In conclusion, the story of a man who rode waves as a surfer and tamed horses as a cowboy epitomizes the essence of adaptability, resilience, and embracing adventure. It offers a glimpse into a rare existence, where one can effortlessly move between two seemingly contrasting worlds, weaving diverse experiences and skills into a rich tapestry. The life of this remarkable individual stands as a testament to the human spirit's infinite potential and the importance of never settling for the status quo.",762,0.9591112,0.5614614,0.999959,0.5016465,0.78235686,0.9774260735545722,1,ai_human,Essay/Student
1,"There are several reasons why companies like BP and Boeing might advertise themselves to the general public, even though they receive most of their profits from selling to other businesses or governments. First, advertising can help these companies build their brand and reputation. By promoting their products and services to the general public, they can create a positive image of their company and differentiate themselves from their competitors. This can help them attract new customers and retain their existing ones. Second, advertising can help these companies reach new markets and target specific groups of consumers. For example, a company like Boeing may advertise to the general public in order to promote their aircrafts to travelers and encourage them to choose their products over those of their competitors. Finally, advertising can also help these companies communicate important information to the general public. For example, BP may advertise to inform people about their commitment to sustainability and environmental responsibility, which can help build trust and support for the company. Overall, advertising is an important way for companies like BP and Boeing to reach out to and connect with the general public, even if they primarily sell to other businesses or governments.",199,0.9591532,0.5777516,0.9999634,0.9832291,0.83623224,0.995680482464403,1,advanced_hc3_3class_small,Essay/Student
0,"The seagoing cowboys program is an AUN program. You get to travel all over the world. You would get to see the excavating castle in Crete. It is very Aunt raveling all over the world. You would be in a boat that crosses the Atlantic Ocean. You would go to Europe and China. The cattle boat would take you to Greece to see the Acropolis. But this whole trip is to help people. You will also go to Venice, Italy. You would also cross the Panama Canal, which was very AUN. IA you go on this trip you would start oak a watchman. So every hour you would have to check up on the animals and report back to the captain. There would be a lot OA hay to Need the horses. You can also play games on the ship when there are no horses. The Favorite game I played was baseball. But there are lots OA other games to play. there are nine trips in total. This trip is a very AUN and there is a lot OA things you can do. The most important thing on this whole trip is helping the people. You got to take care OA the animals. IA you come on this trip it will take some time to go to the other places. I really hope I convinced you to come on this Fantastic trip.",232,0.040209588,0.20569725,0.00027299242,0.150558,0.10117779,0.051286426888391926,0,ai_human,Essay/Student
0,"Every student hate waking up early in the morning for School. Some schools have now offered a distance learning option, Meaning students can take classes online from home. Classes would be taken at home by way of online or video conferencing. Some people might think this is a good idea other's might also not agree with this decision. The idea of taking classes at home is the greatest accomplishment in my opinion. I agree with the Idea of taking classes online at home. Being able to learn and do assignment at home can be helpful in so many ways, Online classes would benefit students with serious health issues that can't go outside, so they're stuck in the house or their room for some years, Online classes would give opportunity to students with a family that decides to go on a vacation during the school year a chance to learn and also keep up with their school work while they're gone. Students might be having issues with the concept of how school classrooms work. Online classes would be a major help for homeschooled kids. Some online classes cover subjects or topics that aren't thought at school. Research have made it clear that students who usually sit alone at lunch and others who sit at the back of classrooms with nobody to talk to find it hard to fit it with others around them, so they'd rather just take online classes at home. Idea of taking classes online at home. Being able to learn and do assignment at home can be helpful in so many ways, Online classes would benefit students with serious health issues that can't go outside, so they're stuck in the house or their room for some years, Online classes would give opportunity to students with a family that decides to go on a vacation during the school year a chance to learn and also keep up with their school work while they're gone. Students might be having issues with the concept of how school classrooms work. Online classes would be a major help for homeschooled kids. Some online classes cover subjects or topics that aren't thought at school. Research have made it clear that students who usually sit alone at lunch and others who sit at the back of classrooms with nobody to talk to find it hard to fit it with others around them, so they'd rather just take online classes at home. Online classes would benefit those with serious health issues that can't go outside so, they're stuck in the house or their room for some years. I think all kids deserve a chance of getting an education no matter what the situation is. Kids with health issues that stays home would have the opportunity to be educated because of online classes. It would give the opportunity for kids with health issues that can't go outside make new friends online while also learning with each other. Online classes would also give students the same amount of education that students that prefer going to school get while they're staying home. Kids with health issues will also have an experience what it's like being at school or in a learning environment but it in a different dimension while they're at home. Online classes would give students with a family that decades to go on vacation during the school year a chance to learn while they're gone. When students go away for a vacation they start to fail when assignments aren't turned in. Online classes would give students in that situation a chance to keep up with work while they're on vacation. Online classes would also play a role in learning the same thing as their peers in school are learning. Online classes would also be able to educate students while spending time with family. I went on vacation my sophomore year of high school during the middle of the school year. I never got the chance to keep up with work or my grade while I was gone so I ended up having an F being gone for a couple of weeks. If I had the opportunity to take an online class while being gone I would have ended up with a good grade, even though I went on vacation. T turned in. Online classes would give students in that situation a chance to keep up with work while they're on vacation. Online classes would also play a role in learning the same thing as their peers in school are learning. Online classes would also be able to educate students while spending time with family. I went on vacation my sophomore year of high school during the middle of the school year. I never got the chance to keep up with work or my grade while I was gone so I ended up having an F being gone for a couple of weeks. If I had the opportunity to take an online class while being gone I would have ended up with a good grade, even though I went on vacation. Research have made it clear that students who usually sit alone at lunch and others who sit at the back of every classroom with nobody to talk to always find it hard to fit in. Online classes would play a major role in their life because they would have the option to be themselves at home where they feel most comfortable at while learning, just like they would while going to school. Parents wouldn't have to be worried about their kid being by llied because they're attending school at home where nobody would bother them. Online classes would also give students chance to make friends online and have a social life while learning at home. Online classes may also have some bad outcomes such as, students could be cheating on assignments and test using the internet or asking family members for help. Not every everyone has what it takes to afford a laptop or computer, sometimes the case may even be having access to an internet may be the problem for others. Some students will not be willing to do work since they're being forced to do it while being at home. Another issue is students might be having a hard time understanding the online tools or the teacher while being taught online.",1056,0.04385692,0.22339831,0.031723004,0.002081543,0.10009209,0.007123234391773521,0,ai_human,Essay/Student
1,"I age that in twenty BAES, the will BB babe CAES in USB than the AEB today. ONB Season foe this is that electric vehicles AEB becoming increasingly popular, and THB number of people who AEB willing to switch to this type of vehicle is growing baby day. Another Season is that mob and mob people AEB choosing to walk OE bike to work, and they AEB not intbEbstbd in spending money on transportation. In addition, THB cost of gasoline is continuing to ESB, which is making it mob difficult foe people to afford to own a CAE. Finally, many people AEB choosing to live in urban Abbas, and they don’t BBD OE want a CAE to GBT around. All of this factors AEB contributing to THB declining number of CAES on THB Road.",134,0.9589145,0.36921865,0.99979526,0.86468756,0.7512744,0.9797655465295639,1,ai_human,Essay/Student
0,"In ""The Challenges of Exploring Venus,"" the author suggests that studying Venus is a worthy pursuit despite the dangers it presents. The author uses many details from the article to back this claim up. In paragraph 8 it says that the natural human curiosity will always lead us to discover new places even if we know there's risks. It states in the paragraph that ""but also because human curiosity will likely lead us into many equally intimidating endeavors."" we will always be looking for challenges and solutions with explorations and many other things. Also in paragraph 8 it states ""Striving to meet the challenge presented by Venus has value, not only because of the insight to be gained on the planet itself."" This proves there's valuable information we can learn about Venus despite the risks. Venus at one time was also the closest thing to earth. In paragraph 4 it says ""Astronomers are fascinated by Venus because it may well once have been the most Earth-like planet in our solar system."" this is a worthy pursuit because we can discover many things like how did it lose its water, did it use to have life, what event made it inhospitable, etc. To further more go into it the author says, ""Venus was probably covered largely with oceans and could have supported various forms of life, just like Earth."" Getting to know more about Venus could possibly let us know more about Earth itself. Lastly in paragraph 5 it says even NASA has hopes of discovering new things about Mars and maybe being able to get man on another planet. this would be huge for mankind. It states ""The National Aeronautics and Space Administration has one particular compelling idea for sending humans to study Venus."" Also stating imagine a blimp-like vehicle hovering 30 or so miles above the roiling Venusian landscape"" These are only ideas right now to NASA but could be a possibility to us as humans if we take risks and pursuit studying Venus despite the dangers. To recap the author suggest that studying Venus is a worthy pursuit despite the dangers it presents. There's details in the article supporting this claim. Like in paragraph 8 saying the natural human curiosity will always push us to discover new things no matter what. Or in paragraph 4 that Venus was the most like Earth at one point of time. In paragraph 5 it's an idea that we have man on Venus, but that idea can be a reality in due time if we keep studying Venus. These are the details supporting the authors claim that Venus is worth pursuing despite the dangers it presents.",444,0.040833734,0.36711708,0.0005997545,0.017065622,0.14460929,0.03192307095879689,0,ai_human,Essay/Student
0,"I think that it would be good for the students especially for the ones who struggle. Students can be smart if they just would put courage into their work like I do. The principal is doing the right thing, maybe kids will try harder and give it all they got. I think that maybe if kids really want to do sports maybe they will think about their school work first. My parents always told me that if my grade was low I had to stay home and study after school and on weekends so that meant no running around with family or friends. That helped me though because I started passing my test. I just have that habit of going home do some study and homework and then going and doing what I enjoy most and that is riding my horse. Students would be more careful with their work if they knew they had to have a B average to play in any kind of sports. The principal was smart for coming up with something like this. Our students wouldn't be where we are too today without our teachers, parents, and our principal. Thanks to them, we are strong and independent people that we are. If I had to choose I would go with the B average because it would be a challenge for us. I am always looking for a challenge in anything I do because I know I can do it if I put my mind to it. Some students would struggle, but that's it they say hey I could careless and that's defiantly not the right to say at all. You want to believe you can do it not hey its just another day at school. The job i want to be good at my school work I need all the education I can get. I try to tell my friends that homework is not really that hard if you pay attention and not slack off in class that way you know how to do your homework right at home. The principal and your teachers are just trying to help you for your future ahead of you.",360,0.056737036,0.19053045,0.00040102837,0.04663963,0.09128779,0.04256081268500918,0,ai_human,Essay/Student
1,"Code] Dear [Senator's Name], I am writing to express my support for [insert your position] in regard to the Electoral College. As a student in grade 7, I have learned about our nation's history and the importance of our democratic institutions, such as the Electoral College. The Electoral College has been a part of our nation's history since its formation, and it has played an essential role in ensuring that every state, regardless of its size, has an equal voice in the presidential elections. This system has allowed smaller states to have a significant impact on the election outcome, and it has ensured that presidential candidates pay attention to all states, not just the most populous ones. Furthermore, the Electoral College has helped to prevent fraud and corruption in presidential elections. In a direct popular vote system, there would be a greater risk of voter fraud and manipulation of the results in highly populated areas. The Electoral College, on the other hand, distributes the power and influence of the vote, ensuring that no one state or group of people has an unfair advantage. However, some may argue that the Electoral College is outdated and should be replaced with a popular vote system. They may claim that a direct popular vote would ensure that every citizen's vote counts and would eliminate the potential for fraud or corruption. While I understand their concerns, I strongly believe that the potential risks of a direct popular vote system far outweigh any perceived benefits. The Electoral College has been a crucial part of our nation's democracy for over two centuries, and it has served us well. In conclusion, I urge you to support [insert your position] in regard to the Electoral College. This system has been a vital component of our democratic process, and it is crucial that we maintain this tradition. Thank you for taking the time to consider my perspective, and I look forward to your response. Sincerely, [Student's Name]",327,0.9588497,0.585087,0.99996626,0.83503735,0.82387483,0.9939840809264429,1,ai_human,Essay/Student
0,"Upvote from someone going through the same exact thing right now , for the past four days . Further , why does my body cough ? Is it trying to expel something ?",33,0.26180243,0.2586987,0.30160207,0.4229989,0.2847957,0.15042529290493498,0,fast_text_rebirth_dataset_315k,Essay/Student
1,"The Pros and Cons of Driverless Cars Driverless cars have been a hot topic for discussion in recent years. While some people are excited about the prospect of cars driving themselves, others are more skeptical. In this essay, I will examine the pros and cons of this emerging technology. The Pros of Driverless Cars One of the biggest advantages of driverless cars is their potential to reduce accidents caused by human error. According to the National Highway Traffic Safety Administration, 94% of car accidents are caused by human error. With driverless cars, the risk of accidents due to human error would be significantly reduced. Another advantage of driverless cars is their potential to reduce traffic congestion. These vehicles can communicate with each other and with traffic lights, allowing for smoother and more efficient traffic flow. Additionally, driverless cars can be programmed to take the most direct route to their destination, reducing the time spent on the road. Finally, driverless cars could also benefit people who are unable to drive, such as the elderly or disabled. This technology could provide these individuals with greater independence and mobility. The Cons of Driverless Cars Despite the potential benefits of driverless cars, there are also several drawbacks to this technology. One of the biggest concerns is the potential for job loss. If driverless cars become widely adopted, many people who currently work as drivers, such as taxi and truck drivers, could lose their jobs. Privacy is also a concern when it comes to driverless cars. Some manufacturers are considering installing cameras to monitor drivers, which could raise serious privacy issues. Additionally, if these cars are equipped with GPS technology, there is a risk of tracking and surveillance. Finally, as mentioned in the article, there are significant technological limitations to driverless cars. While these vehicles may be able to handle simple driving scenarios at lower speeds, they are not yet capable of handling more complex situations at higher speeds. This raises the question of whether or not these cars are truly driverless. My Stance on Driverless Cars Overall, I believe that driverless cars have the potential to revolutionize the transportation industry. However, I also believe that there are significant challenges that need to be addressed before this technology can be widely adopted. Firstly, privacy concerns must be addressed. Manufacturers must ensure that any monitoring or tracking technology is used in a responsible and ethical manner. Secondly, job loss is a real concern, and steps must be taken to mitigate the impact on those who may be affected. Finally, the technological limitations of driverless cars must be addressed. These vehicles must be able to handle complex driving scenarios at higher speeds before they can be considered truly driverless. In conclusion, while there are certainly challenges to be addressed, I believe that the potential benefits of driverless cars make them a worthwhile investment. With careful planning and responsible implementation, this technology could significantly improve the safety and efficiency of our transportation systems.",495,0.9591071,0.5294345,0.9999628,0.96485126,0.8174672,0.9881546151219036,1,ai_human,Essay/Student
0,"The value of using technology to read students' emotional expressions is an outstanding idea. The new software, the Facial Action Coding System, can help you understand everyone's emotions around us. This new software, has peen developed to detect the feelings of others without them announcing their emotions. In Mona Lisa's picture she Lewis happy and angry. The text states, ""She's 83 percent happy, 9 percent disgusted, 6 percent fearful, and 2 percent angry"". With the computer software you can use video imagery to recognize facial movements. The software can identify mixed emotions and any neutral expressions. For example, most humans wear their emotions on their sleeves, put most humans can't describe each facial trait. The facial expressions on all emotions aren't always very universal, individuals often express their emotions in different degrees. Dr. Huang states, ""Most human communication is nonverbal, including emotional communication"". There are ways to demonstrate emotions through computers too. Computers can become an effective human instructor if they recognize the different emotions. In conclusion, the technology usage of ""The Facial Action Coding System"" is a great usage of technology to read students emotional expressions because it will allow us to have empathy for each other. We unconsciously imitate each other's facial expressions. We could all help each other in the world, and talk out our feelings instead of holding it in.",224,0.039843626,0.24232131,0.0002897462,0.7576048,0.17457615,0.24542580324645108,0,ai_human,Essay/Student
0,"It is caused by muscle contractions . First , the contractions collect up any remaining food that was missed . Second , the contractions of an empty stomach make you hungry . [ Source ] ( URL_0 )",38,0.21406704,0.24669524,0.3027672,0.33231533,0.25505176,0.13524248749574103,0,fast_text_rebirth_dataset_315k,Essay/Student
1,"When you roll a pair of dice, there are a total of 36 possible outcomes, because each die has 6 possible values (1, 2, 3, 4, 5, or 6) and there are two dice. The probability of rolling a particular number, such as a 7, is the number of ways you can roll that number divided by the total number of possible outcomes. For example, there is only one way to roll a 7: by rolling a 6 on one die and a 1 on the other. So the probability of rolling a 7 is 1/36, which is about 2.8%. On the other hand, there are six ways to roll a 7: by rolling a 6 and a 1, a 5 and a 2, a 4 and a 3, a 3 and a 4, a 2 and a 5, or a 1 and a 6. So the probability of rolling a 7 is 6/36, which is about 16.7%. The probability of rolling any particular number is always the same, no matter what numbers have been rolled before. This is because each roll of the dice is a separate, independent event, and the outcome of one roll does not affect the outcome of the next roll.",205,0.95887184,0.52154595,0.97741264,0.7484641,0.78847516,0.995718992748935,1,fast_text_rebirth_dataset_315k,Essay/Student
0,"Should drivers be able to use a phone in any capacity while operating a vehicle or should drivers not be able to use their phones while operating a vehicle? Using a phone while driving could be helpful in various ways and also could be used in harmful ways. Cell phones can take the attention of a driver causing a risk of danger. A cell phone helps drivers with immediate roadside assistance, in case of a serious car accident. Cell phone's allow drivers to get directions turn by turn with the helping of GPS technology. Phone cameras are very important in a case of a hit and run accident, it allows a person to take a picture of the license plate. Some insurance companies may require a picture of an accident. Traffic reports update on a phone in minutes, accidents, highway closings and also an estimated travel time to their destination. An activity that grabs the attention from a driver is Distracted Driving. Being distracted on the road causes fatal crashes. Many jurisdictions worldwide have made calling an illegal act. However lots of vehicles have hands-free devices, some may say that hands-free activities are not safe. Hands-free still drags away the attention from a driver on the road ""Distracted Driving"". Currently, cell phones are the leading cause of distracted driving. When operating a cell phone while driving increases hospitalization rate four-times higher. Texting increases the rate to 23% more likely to have a car accident. Personally, I think cellphones should not be used in any capacity while operating a vehicle. There are many accidents caused by the use of a cell phone. A person who operates a cell phone while driving is not only putting his or herself in danger but also others on the road and pedestrians. Using a cell phone while operating a vehicle is selfish because the lack of control a person has on the road. My essay provided arguments from both stand points whether drivers should or should not be able to use cell phones while operating a vehicle. On the facts provided throughout my essay, despite the many ways of communication cell phones while driving raise many safety issues. In conclude the bad outweighed the good.",370,0.04174526,0.26332828,0.000572426,0.4942785,0.15631807,0.03787823283305593,0,ai_human,Essay/Student
0,"I think he does a fantastic job at talking about studying Venus. For one, he does state that yes, of course it is very dangerous studying Venus, and it's surroundings due to all the risky factors on the planet; Though he talks about how it could be helpful to learn about it. He talks about how it could have been Earth like in nature, it could bring us to new discoveries, and how we as people are hungry for more knowledge and that Venus is a good start off challenge for exploring. At first, he states that one, Venus is stated to be called our ""twin"" when it comes to terrain;Along with stating that,""Venus is the closest planet to Earth in terms of density and size."" He then talks about how Venus would have like had oceans of water just like Earth, and could have housed life such as us. Club being that it's terrain is very smear to URS, with mountain and caverns and so forth. Why this is a such a fascinating thing is because we as humans are currently looking for life on other planets and if we had ever found out a way to get samples from Venus, we could maybe find ideas, clues, and or evidence that Venus was like our planet today, that it housed some form of lifeforms and would maybe be able to give us evidence that maybe we or weren't alone in the universe. It also gives us the chance to explore our boundaries with science and technology. We learn that Venus is far from a life housing planet today. As the author goes into detail. We find that quoted from the article, ""surface temperatures average over 800 degrees."" ""Such an environment would crush even submarine accustomed to diving to the deepest parts of our ocean."". We can clearly see that nothing we have currently could master the terrain of Venus. He starts going into how this could challenge what we have now and how maybe if we can overcome this boundaries, then we can advance more and more into the field of space travel. Scientists are already coming up with new ways to study Venus without having its future people abroad killed in the process of studying the surface or having the technology we send melted upon impact. The author lastly goes into how not only exploring Venus will give us insight on what the planet has to offer, but how the ""human curiosity will like lead us into many equally intimidating endeavors."" He feels that Venus is a great start to our already curious fascination about space and our neighboring planets and that it will give us a chance to not be afraid of our limits and the unknown. Overall, I think he has done a good job of convincing us, the reader, to say to ourselves, ""maybe going to Venus isn't a waste of time."" With explaining why Venus is a good candidate to study, I feel as the Author has confidence me to look deeper into the studying of Venus and space travel and why it is important to study Venus.",524,0.04053087,0.19080174,0.00029270313,0.006845077,0.08170946,0.029909416153345237,0,ai_human,Essay/Student
